﻿Name,Short name,ModeandPID,Equation,Min,Max,Units,Header,Intervl,Scale,Redline,Model,Init,Close,
Hybrid Battery State of Charge,HB.SOC,227A76,A*100/255,0,200,%,747,,,,,
Hybrid Battery Voltage,H.Batt,227A53,D*4,0,1000,Voltes,747,,,,,
Inverter Coolant Temperature,InvtCT,221093,A*9/5-40,-40,300,F,7D2,,,,,
Generator Inverter Temperature,GnIT,221089,A*9/5-40,-40,300,F,7D2,,,,,
Boosting Converter Temperature (Upper),B.Cvt.Max,2210AB,A*9/5-40,-40,300,F,7D2,,,,,
Boosting Converter Temperature (Lower),B.Cvt.Min,2210AB,B*9/5-40,-40,300,F,7D2,,,,,
