﻿Name,DispName,MIDPID,Equation,Min,Max,Unit,Header,Interval,Scale
Design load on the engine,Load,2104,A*100/255,0.0,100.0,%,7E0,1,1
coolant Temperature,Coolant,2105,A-40,-40,215.0,C,7E0,3,1
Short-term fuel correction Bank 1,SHRTFT1,2106,(A*199.15/255)-100,-50,50,%,7E0,0,1
Long term fuel correction Bank 1,LTFT1,2107,(A*199.15/255)-100,-50,50,%,7E0,1,1
Engine speed,Engine,210C,(A*64)+(B*63/255),0.0,10000,RPM,7E0,0,1000
vehicle Speed,Speed,210D,A,0.0,255.0,KPH,7E0,0,1
Ignition timing advance,Ign.adv,210E,(A*127.5/255)-64,0.0,100,Deg,7E0,0,1
Intake air temperature,IAT,210F,A-40,-40.0,215.0,C,7E0,3,1
Mass air flow,MAF,2110,(A*2.56)+(B*0.01),0.0,300,g/s,7E0,0,1
Absolute throttle position,TPS,2111,A*100/255,0.0,100.0,%,7E0,0,1
Oxygen sensor voltage b1 s1,O2b1s1,2114,A*1.274/255,0.0,1.5,volts,7E0,0,1
Automatic transmission fluid temperature,ATF,21B4,(A*221/255)+(B*1/255),-40.0,250,C,7E0,3,1
SPD (NIN),SPD.in,21BC,A*50,0.0,10000,RPM,7E0,0,1000
SPD (NOUT),SPD.out,21BD,A*50,0.0,10000,RPM,7E0,0,1000
CVT oil pressure,CVT.Pres,21BE,1000*A*10.2/255,0.0,10000,kPa,7E0,0,1000
Commanded angle of rotation of the clutch VVTi B1,VVTiB1,21DA,(A*637.5/255)+(B*2.49/255),0.0,700,Deg,7E0,1,1
Angle of rotation of the clutch VVTi B1,VVTiB1,21DA,(C*637.5/255)+(D*2.49/255),0.0,700,Deg,7E0,1,1
Stroke valve VVT-i B1,VVTiB1,21DA,(E*398.43/255)+(F*1.56/255),0.0,100,%,7E0,0,1
Injector pulse width,IPW,21E4,A*32.6/255,0.0,40,ms,7E0,0,1
EGR,EGR,21E7,A,0.0,255.0,Steps,7E0,1,1
EGR temperature,EGR,21ED,A*159/255,0.0,160,C,7E0,3,1
