Name,ShortName,ModeAndPID,Equation,Min Value,Max Value,Units,Header,,
Transmission Temp (pan),Trans temp (pan),2182,((((A * 256) + B ) * (7/100)-400)/10),-40,325,F,,,
Transmission Temp (Converter),Converter Temp,2182,((((C * 256) + D ) * (7/100)-400)/10),-40,325,F,,,
FR Wheel Speed,FR WS,2103,A * 32 / 25 * 15625 / 25146,0,120,mph,7B0,,
FL Wheel Speed,FL WS,2103,B * 32 / 25 * 15625 / 25146,0,120,mph,7B0,,
RR Wheel Speed,RR WS,2103,C * 32 / 25 * 15625 / 25146,0,120,mph,7B0,,
RL Wheel Speed,RL WS,2103,D * 32 / 25 * 15625 / 25146,0,120,mph,7B0,,
Deceleration Sensor,DecelSen,2105,A * 36.36 / 255 - 18.18,-18.18,18.18,m/s2,7B0,,
Deceleration Sensor2,DecelSen2,2105,B * 36.36 / 255 - 18.18,-18.18,18.18,m/s2,7B0,,
Yaw Rate Sensor,YR1,2106,A - 128,-128,127,degrees/s,7B0,,
Yaw Rate Sensor2,YR2,2106,B - 128,-128,127,degrees/s,7B0,,
Steering Angle Sensor,SteerSen,2106,(C * 256 + D) / 10 - 3276.8,-720,720,degrees,7B0,,
Vehicle Speed_7B0,MPH_7B0,2121,A * 202 / 255,0,120,mph,7B0,,
FR Wheel Acceleration,FR WA,2142,A * 400.11 / 255 - 200.84,-200.84,199.27,m/s2,7B0,,
FL Wheel Acceleration,FL WA,2142,B * 400.11 / 255 - 200.84,-200.84,199.27,m/s2,7B0,,
RR Wheel Acceleration,RR WA,2142,C * 400.11 / 255 - 200.84,-200.84,199.27,m/s2,7B0,,
RL Wheel Acceleration,RL WA,2142,D * 400.11 / 255 - 200.84,-200.84,199.27,m/s2,7B0,,
Zero Point of Decele,0Decel,2146,A * 50.02 / 255 - 25.11,-25.11,24.91,m/s2,7B0,,
Zero Point of Decele2,0Decel2,2146,B * 50.02 / 255 - 25.11,-25.11,24.91,m/s2,7B0,,
Zero Point of Yaw Rate,0Yaw,2146,C - 128,-128,127,degrees/s,7B0,,
Zero Point of Steering Angle,0Steer,2146,(D * 256 + E) / 10 - 3276.8,-720,720,degrees,7B0,,
Lateral G,Lateral G,2147,A * 50.02 / 255 - 25.11,-25.11,24.91,m/s2,7B0,,
Forward and Rearward G,Fwd/Rwd G,2147,B * 50.02 / 255 - 25.11,-25.11,24.91,m/s2,7B0,,
Yaw Rate Value,YR Val,2147,C - 128,-128,127,degrees/s,7B0,,
Steering Angle Value,SteerAngle,2147,(D * 256 + E) / 10 - 3276.8,-720,720,degrees,7B0,,
+B Voltage Value,Aux B Volt,2113,A / 10,0,20,V,7C0,,
Vehicle Speed Meter_7C0,MPH_7C0,2121,A * 15625 / 25146,0,124,mph,7C0,,
Coolant Temperature_7C0,Coolant_7C0,2123,SIGNED(A) * 9 / 10 + 32,-40,261.5,F,7C0,,
Fuel Remaining,Fuel Level,2129,A * 500 / 3785,0,13,US Gallons,7C0,,
Distance Since Oil Change for U.S.A. (reset),Oil Chg Dist,2141,A * 100,0,25500,mile,7C0,,
"Rheostat value (dark=0,bright=255)",Rheostat,2168,A,0,255,,7C0,,
Room Temp Sensor,Room,2121,A * 9 / 20 + 20.3,20.3,135.05,F,7C4,,
Ambient Temp Sensor,Ambient,2122,A * 160.65 / 255 - 9.94,-9.94,150.71,F,7C4,,
Solar Sensor (D side),Solar D,2124,A,0,255,,7C4,,
Engine Coolant Temp_7C4,Coolant_7C4,2126,A * 160.65 / 255 + 34.34,34.34,194.99,F,7C4,,
Set Temperature (D side),Set t D,2129,A * 9 / 10 + 63.5,63.5,90.5,F,7C4,,
Air Mix Servo Targ Pulse (D),A/M STP D,2141,A,0,255,,7C4,,
Air Mix Servo Actual Pulse (D),A/M SAP D,2141,B,0,255,,7C4,,
Air Outlet Servo Pulse (D),A/O SP D,2143,A,0,255,,7C4,,
Air Outlet Servo Actu Pulse (D),A/O SAP D,2143,B,0,255,,7C4,,
Air Inlet Damper Targ Pulse,A/I DTP,2144,A,0,255,,7C4,,
Air Inlet Damper Actual Pulse,A/I DAP,2144,B,0,255,,7C4,,
Blower Motor Speed Level,Blower Level,213C,A,0,31,,7C4,,
Adjusted Ambient Temp,AdjAmbient,213D,A * 146.88 / 255 - 23.44,-23.44,123.44,F,7C4,,
Evaporator Fin Thermistor,Evap Fin,214B,A * 160.65 / 255 - 21.46,-21.46,139.19,F,7C4,,
Evaporator Target Temp,Evap Tgt,214C,(A * 256 + B) * 9 / 500 - 557.82,-21.46,139.19,F,7C4,,
