﻿Name,DispName,MIDPID,Equation,Min,Max,Unit,Header,Interval,Scale
The calculated load on the engine,Load,2104,A*100/255,0.0,100.0,%,8310F0,0,1
Coolant temperature,Coolant,2105,A-40,-40.0,215.0,C,8310F0,3,1
Short-term fuel trim Bank 1,SHRTFT1,2106,A*100/128-100,-50,50,%,8310F0,0,1
Long-term fuel trim Bank 1,LTFT1,2107,A*100/128-100,-50,50,%,8310F0,1,1
Short-term fuel trim Bank 2,SHRTFT2,2108,A,0,255.0,%,8310F0,0,1
Long-term fuel trim Bank 2,LTFT2,2109,A,0.0,255.0,%,8310F0,1,1
Fuel pressure,Fuel,210A,A*3,0.0,765.0,kPa,8310F0,0,1
Intake manifold pressure,MAP,210B,A,0.0,255.0,kPa,8310F0,0,1
Calculate air flow rate,MAF,210B,A*371.6/255,0.0,300,g/s,8310F0,1,1
Instant fuel consumption,Fuel.cons,210B,(A*143109/255)/1000,0.0,150,L/hr,8310F0,1,1
Instant fuel consumption,Fuel.cons,210B,A*56.12/255,0.0,60,L/hr,8310F0,1,1
The engine speed,Engine,210C,(A*64)+(B*0.25),0.0,10000,RPM,8310F0,0,1000
The speed of the car,Speed,210D,A,0.0,255.0,KPH,8310F0,0,1
The ignition timing,Ign.Adv,210E,(A*63.5/127)-64,-60,60,Deg,8310F0,0,1
Intake air temperature,IAT,210F,A-40,-40.0,215.0,C,8310F0,3,1
Absolution Throttle Position,TPS,2111,A*100/256,0.0,100.0,%,8310F0,0,1
Oxygen sensor voltage band 1 sensor 1,O2B1S1,2114,A*1.275/255,0.0,1.5,Volts,8310F0,0,1
Short-term fuel trim related to O2B1S1,STFTB1S1,2114,(B*99.16/127)-100,-50,50,%,8310F0,0,1
Oxygen sensor voltage band 1 sensor 2,O2B1S2,2115,A*1.275/255,0.0,1.5,Volts,8310F0,0,1
Short-term fuel trim related to O2B1S2,STFTB1S2,2115,(B*99.16/127)-100,-50,50,%,8310F0,0,1
Voltage,Voltage,2130,A*19.92/255,0,20,Volts,8310F0,1,1
Fuel injector pulse width,FIPW,2134,A*32640/255,0.0,32640.0,ms,8310F0,0,1000
ISC Duty cycle,OSC,2135,A*99.61/255,0.0,100.0,%,8310F0,1,1
The angle of rotation of the clutch VVTi,VVTiCltch,2136,A*160/65536,0.0,1,Deg,8310F0,1,1
The task of the rotation angle of the clutch VVTi,VVTiCltch,2137,A*160/65536,0.0,1,Deg,8310F0,1,1
