﻿Name,Disp,MIDPID,Equation,Min,Max,Unit,Header
Engine Coolant Temp,Coolant,2105,A-40,-40.0,215.0,C,8310F0
Boost presure,boost,210B,A-102,-102.0,153.0,kPa,8310F0
Engine speed,Engine,210C,A*64+B*0.25,0.0,16384.0,RPM,8310F0
Vehicle Speed,Speed,210D,A,0.0,255.0,KPH,8310F0
IGN Advance,IgnAdv,210E,A/2-64,-64.0,0.0,Deg,8310F0
Intake Air Temp,IAT,210F,A-40,-40.0,215.0,C,8310F0
Absolute Throttle Range Sensor,TPS,2111,A*100/255,0.0,100.0,%,8310F0
Oxygen sensor voltage b1 s1,O2B1S1,2114,A*1.275/255,0.0,1.5,Volts,8310F0
Short term fuel trim assocaited to O2B1S1,STFTO2B1S1,2114,(B*199.2/255)-100,-50,50,%,8310F0
Oxygen sensor voltage b1 s2,O2B1S2,2115,A*1.275/255,0.0,1.5,Volts,8310F0
Short term fuel trim assocaited to O2B1S2,STFTO2B1S2,2115,(B*199.2/255)-100,-50,50,%,8310F0
EGR Commanded,EGR.CMD,212C,A*100/255,0.0,100.0,%,8310F0
EGR Error,EGR.ERR,212D,(A*199.2/255)-100,-100.0,100,%,8310F0
EVAP Purge Output,EVAP,212E,A*100/255,0.0,100.0,%,8310F0
Atmosphere Pressure,Baro,2133,A-102,-102.0,153.0,kPa,8310F0
Fuel Injector pulse width,FIPW,2134,A*0.128,0.0,32.0,ms,8310F0
ISC Duty Ratio,ISC,2135,A*99/255,0.0,99.0,%,8310F0
Camshaft Position Ex Angle,CS.ang,2136,A*159.375/255+B*0.625/255,0.0,160.0,Deg,8310F0
Battery Voltage,Battery,2142,A*0.256+B*0.001,0.0,65.0,Volts,8310F0
ISC Learning Value,ISC,2148,A*99/255,0.0,99.0,%,8310F0
ISC Current Step Position,ISC.Pos,2149,A,0.0,255.0,,8310F0
Purge Correct Coefficient,Purge,214E,A*0.5/255,0.0,1.0,,8310F0
Knock Correct Advance,KCA,214F,A*89.6/255,0.0,90.0,Deg,8310F0
TVVT Angle Reduction Value,VVT,2150,A*159.3/255,0.0,160.0,Deg,8310F0
VVT CTRL Duty cycle,VVTcyl,2151,A*99/255,0.0,99.0,%,8310F0
Boost presure,boost,2152,(A*25.6+B*0.1)-101.6,0.0,6400.0,kPa,8310F0
EGR Step,EGR,2156,A,0.0,255.0,,8310F0
