Name,DispName,MIDPID,Equation,Min,Max,Unit,Header,Inteval,Scale
Coolant Temperature,Coolant,220005,A-40,-40.0,150.0,C,,3,
Fuel Rail Pressure,Frail,220023,100*((A*256)+B)/10,0.0,25000.0,kPa,,0,1000
Exhaust Gas Temperature (EGT) at Catalyst Inlet,EGT,22003C,((A*256)+B)/10-40,0.0,1000.0,C,,1,100
Exhaust Gas Temperature (EGT) at DPF Inlet,EGT2,22003E,((A*256)+B)/10-40,0.0,1000.0,C,,1,100
Mass Airflow Sensor Voltage,MAF.S,2210A1,A/50,0.0,6,Volts,,0,
Fuel Injector #1 Pulse Width,FIPW1,2210A3,A*0.256,0.0,100,ms,,0,
Fuel Injector #2 Pulse Width,FIPW2,2210A4,A*0.256,0.0,100,ms,,0,
Learned Ignition Timing,IgnAdv,2210A5,(A-128)/2,-70,70,Deg,,0,
Accelerator Pedal Angle,Pedal,2210A6,A*100/255,0.0,100.0,%,,0,
Fuel Temperature,Fuel,2210A7,A-40,-20.0,100,C,,3,
Primary Boost Control,Boost,2210AC,A*100/255,0.0,100.0,%,,0,
Alternator Duty,Alt.Duty,2210B2,A,0.0,100.0,%,,1,
Intake VVT Advance Angle Right,VVT.R,2210B4,A-50,-50.0,100.0,Deg,,0,
Intake VVT Advance Angle Left,VVT.L,2210B5,A-50,-50.0,100.0,Deg,,0,
Memorised Cruise Speed,Cruise,2210E3,A,0.0,255.0,KPH,,2,
Final Injection Amount,Fuel.Inj,221116,A+B/256,0.0,256,mm3/strk,,0,
Exhaust Gas Recirculation (EGR) Target Valve Opening Angle,EGR.Tgt,22111B,A-50,0.0,90.0,Deg,,1,
Exhaust Gas Recirculation (EGR) Valve Opening Angle,EGR,22111C,A-50,0.0,90.0,Deg,,0,
Inlet Air Temperature (after air filter),IAT,22111F,A-40,-20.0,60.0,C,,3,
Target Engine Speed,Engine,221121,((A*256)+B)/4,0.0,10000.0,RPM,,1,1000
Mileage after Injector Learning,Dist.InjL,22112A,((A*256)+B)*5,0.0,10000,KM,,3,1000
Distance since Injector Replacement,Dist.InjRp,22112B,((A*256)+B)*5,0.0,300000.0,KM,,3,1000
Interior Heater,Inter.Htr,22112C,A,0.0,5.0,Volts,,3,1
Quantity Correction Cylinder #1,QCC1,22112D,(A-100)/100,-1.0,1.0,ms,,0,
Quantity Correction Cylinder #2,QCC2,22112E,(A-100)/100,-1.0,1.0,ms,,0,
Quantity Correction Cylinder #3,QCC3,22112F,(A-100)/100,-1.0,1.0,ms,,0,
Quantity Correction Cylinder #4,QCC4,221130,(A-100)/100,-1.0,1.0,ms,,0,
Battery Current,Current,221135,(A-128),-100,100.0,Amp,,1,
Battery Temperature,Battery,221136,A-40,-20.0,60.0,C,,2,
Cumulative Ash Ratio,ASHR,221149,A,0.0,100.0,%,,1,
Pressure Difference between DPF Inlet and Outlet,DPFP.Diff,22114A,A,0.0,50.0,kPa,,0,
Estimated Catalyst Temperature,estCAT.Temp,22114B,A*5-40,0.0,1500,C,,2,100
Estimated DPF Temperature,estDPF.Temp,22114C,A*5-40,0.0,1500,C,,2,100
Soot Accumulation Ratio,Soot.Rat,22114D,A,0.0,150.0,%,,2,
Oil Dilution Ratio,Oil.Rat,22114E,A,0.0,15.0,%,,2,
Estimated Distance to Oil Change,Dist.OilChg,221155,A*100,0.0,15000.0,KM,,3,1000
Running Distance since last DPF Regeneration,Dist.Regen,221156,A*256+B,0.0,10000,KM,,3,1000
DPF Regeneration Count,DPFRegn,221157,A*256+B,0.0,1000.0,,,3,100
Individual Pump Difference Learning Value,Pump.Diff,221161,((A*256)+B)-1000,-1000.0,1000.0,mA,,1,100
Final Main Injection pulse width,MIPW,221162,((A*256)+B)/1000,0.0,2.0,ms,,0,
Distance since DPF Warning Light Flashing,Dist.DPFWrn,22116A,A*256+B,0.0,10000,KM,,3,1000
Oil Dilution Amount (kg),Oil.Dilut,221189,A/200,0.0,1.0,Kg,,3,
DPF Regeneration Attempts,DPF.Reg,2211A1,A*256+B,0.0,1000.0,,,3,100
Clutch Switch,Clutch.swh,22122F,A,0.0,255.0,,,1,
Stop Light Switch,StpLight,221230,A,0.0,255.0,,,1,
Cruise Control Set/Coast Switch,Cruise,221231,A,0.0,255.0,,,1,
Cruise Control Resume/Accelerate Switch,Cruise.swh,221232,A,0.0,255.0,,,1,
Brake Switch,Brake.swh,221233,A,0.0,255.0,,,1,
Cruise Control Main Toggle Switch,Cruise.swh,221234,A,0.0,255.0,,,1,
Cruise Control Cancel Switch,Cruise.cnl,22124A,A,0.0,255.0,,,1,
Oil Level Switch,Oil.swh,22124C,A,0.0,255.0,,,1,
Glow Relay Switch,Glow.swh,22124F,A,0.0,255.0,,,1,
Sub Fuel Pump Relay Switch,Fpump.swh,221251,A,0.0,255.0,,,1,
Injector Learning Switch,Inj.swh,221254,A,0.0,255.0,,,1,
DPF Active Regeneration Switch,DPF.swh,22125B,A,0.0,255.0,,,1,
Micro-Quantity-Injection Final Learning Value #1 Cylinder #1,Inj.Ln1_1,221158,(A-128)/200,-1,1,ms,,2,
Micro-Quantity-Injection Final Learning Value #2 Cylinder #1,Inj.Ln1_2,221158,(B-128)/200,-1,1,ms,,2,
Micro-Quantity-Injection Final Learning Value #3 Cylinder #1,Inj.Ln1_3,221158,(C-128)/200,-1,1,ms,,2,
Micro-Quantity-Injection Final Learning Value #4 Cylinder #1,Inj.Ln1_4,221158,(D-128)/200,-1,1,ms,,2,
Micro-Quantity-Injection Final Learning Value #5 Cylinder #1,Inj.Ln1_5,221158,(E-128)/200,-1,1,ms,,2,
Micro-Quantity-Injection Final Learning Value #1 Cylinder #2,Inj.Ln2_1,221159,(A-128)/200,-1,1,ms,,2,
Micro-Quantity-Injection Final Learning Value #2 Cylinder #2,Inj.Ln2_2,221159,(B-128)/200,-1,1,ms,,2,
Micro-Quantity-Injection Final Learning Value #3 Cylinder #2,Inj.Ln2_3,221159,(C-128)/200,-1,1,ms,,2,
Micro-Quantity-Injection Final Learning Value #4 Cylinder #2,Inj.Ln2_4,221159,(D-128)/200,-1,1,ms,,2,
Micro-Quantity-Injection Final Learning Value #5 Cylinder #2,Inj.Ln2_5,221159,(E-128)/200,-1,1,ms,,2,
Micro-Quantity-Injection Final Learning Value #1 Cylinder #3,Inj.Ln3_1,22115A,(A-128)/200,-1,1,ms,,2,
Micro-Quantity-Injection Final Learning Value #2 Cylinder #3,Inj.Ln3_2,22115A,(B-128)/200,-1,1,ms,,2,
Micro-Quantity-Injection Final Learning Value #3 Cylinder #3,Inj.Ln3_3,22115A,(C-128)/200,-1,1,ms,,2,
Micro-Quantity-Injection Final Learning Value #4 Cylinder #3,Inj.Ln3_4,22115A,(D-128)/200,-1,1,ms,,2,
Micro-Quantity-Injection Final Learning Value #5 Cylinder #3,Inj.Ln3_5,22115A,(E-128)/200,-1,1,ms,,2,
Micro-Quantity-Injection Final Learning Value #1 Cylinder #4,Inj.Ln4_1,22115B,(A-128)/200,-1,1,ms,,2,
Micro-Quantity-Injection Final Learning Value #2 Cylinder #4,Inj.Ln4_2,22115B,(B-128)/200,-1,1,ms,,2,
Micro-Quantity-Injection Final Learning Value #3 Cylinder #4,Inj.Ln4_3,22115B,(C-128)/200,-1,1,ms,,2,
Micro-Quantity-Injection Final Learning Value #4 Cylinder #4,Inj.Ln4_4,22115B,(D-128)/200,-1,1,ms,,2,
Micro-Quantity-Injection Final Learning Value #5 Cylinder #4,inj.Ln4_5,22115B,(E-128)/200,-1,1,ms,,2,
