﻿Name,Short name,ModeandPID,Equation,Min,Max,Units,Header,Intervl,Scale,Redline,Model,Init,Close,
Engine Oil Temperature,EOT,2210AF,A*9/5-40,-30,300,F,7E0,,,,,
Inlet Air Temperature,IAT,22307A,A*9/5-40,-30,300,F,7E0,,,,,
Battery Temperature,BATT,22309A,A*9/5-40,-30,300,F,7E0,,,,,
Fuel Injection #1 Pulse Width,FIPW,2210A3,(A*64/25)/10,0,100,ms,7E0,,,,,
Radiator Fan Control,Fan,2210E3,A,0,200,%,7E0,,,,,
Knocking Correction,KRC,223018,A/4-32,-30,30,Deg,7E0,,,,,
Misfire Monitor cylinder 1,MisF1,223062,A,0,255,,7E0,,,,,
Misfire Monitor cylinder 2,MisF2,223048,A,0,255,,7E0,,,,,
Misfire Monitor cylinder 3,MisF3,223068,A,0,255,,7E0,,,,,
Misfire Monitor cylinder 4,MisF4,22304A,A,0,255,,7E0,,,,,
Target Intake Manifold Pressure,TIP,223050,(A*29/2)/100,0,50,Psi,7E0,,,,,
Wastegate Control,WgCT,2210C9,A,0,255,%,7E0,,,,,
Throttle Motor Duty,TMD,22105F,A*98/125-100,-100,100,%,7E0,,,,,
VVT Adv. Angle Amount Right,VVTAdvR,221099,A/2,0,150,Deg,7E0,,,,,
VVT Adv. Angle Amount Left,VVTAdvL,2210B9,A/2,0,150,Deg,7E0,,,,,
OCV Duty Left,ODL,2210BB,A*100/255,0,100,%,7E0,,,,,
OCV Duty Right,ODR,22109B,A*100/255,0,100,%,7E0,,,,,
Exhaust OCV Duty Left,EOL,2210EF,A*100/255,0,100,%,7E0,,,,,
Exhaust OCV Duty Right,EOR,2210CF,A*100/255,0,100,%,7E0,,,,,
CPC Valve Duty Cycle,CPC,2210CB,A*100/255,0,100,%,7E0,,,,,
OSV Duty Left,OSV.L,2210E5,A*100/255,0,100,%,7E0,,,,,
OSV Duty Right,OSV.R,2210C5,A*100/255,0,100,%,7E0,,,,,
Fuel Pump Duty,FuelPump,2210B3,A*100/255,0,100,%,7E0,,,,,
Fuel Tank Air Pressure,FTA,22108F,((A*256+B))/100,0,655,mPa,7E0,,,,,
Alternator Duty Cycle,ALT,221093,A,0,200,%,7E0,,,,,
Number of EGR Steps,EGR,2210B1,A,0,255,,7E0,,,,,
CVT Fluid Temperature,CCTF,221017,A*9/5-58,-30,300,F,7E1,,,,,
Actual Gear Ratio,GrRatioAct,2230DA,((A*256+B)*100/255)/100,0,250,,7E1,,,,,
Target Gear Ratio,GrRatioCmd,2230F8,((A*256+B)*100/255)/100,0,250,,7E1,,,,,
Secondary Pulley Speed,Pulley2,2230D0,(A*256+B),0,65536,RPM,7E1,,1000,,,
Primary Pulley Speed,PPulley,22300E,(A*256+B),0,65536,RPM,7E1,,1000,,,
Lock Up Duty Cycle,Lockup,221045,A/2,0,100,%,7E1,,,,,
Transfer Duty Cycle,Transfer,221065,A/2,0,100,%,7E1,,,,,
Turbine Revolution Speed,Turbine,221067,A*32,0,10000,RPM,7E1,,1000,,,
