﻿Name,Short name,ModeandPID,Equation,Min,Max,Units,Header,Intervl,Scale,Redline,Model,Init,Close,
CVT Fluid Temperature,TFT,221017,A*9/5-58,-30,300,F,7E1,,,,,
Actual Gear Ratio,GrRatioAct,2230DA,((A*256+B)*100/255)/100,0,250,,7E1,,,,,
Target Gear Ratio,GrRatioCmd,2230F8,((A*256+B)*100/255)/100,0,250,,7E1,,,,,
Secondary Pulley Speed,Pulley2,2230D0,(A*256+B),0,65536,RPM,7E1,,1000,,,
Primary Pulley Speed,PPulley,22300E,(A*256+B),0,65536,RPM,7E1,,1000,,,
Lock Up Duty Ratio,LockUp,221045,A/2,0,100,%,7E1,,,,,
Transfer Duty Ratio,Transfer,221065,A/2,0,100,%,7E1,,,,,
Turbine Revolution Speed,Turbine,221067,A*32,0,8000,RPM,7E1,,,,,
