﻿"Name", "ShortName", "ModeAndPID", "Equation", "Min Value", "Max Value", "Units", "Header",
"Glow Relay Switch", Glow Relay, 22124F, A, 0, 255, on/off,,
"Oil Dilution Ratio", Oil Dilution, 22114E, A, 0, 255, %,,
"Estimated DPF Temperature", Est. DPF Temp, 22114C, 5*A-40, -50, 1000, C,,
"Estimated Catalyst Temperature", Est. Cat Temp, 22114B, 5*A-40, -50, 1000, C,,
"Soot Accumulation Ratio", Soot, 22114D, A, 0, 255, "%",,
"DPF Active Regeneration Count", DPF Regen Count, 221157, A*256+B, 0, 65535, Count,,
"DPF Active Regeneration Switch", DPF Regen, 22125B, A, 0, 255, on/off,,
"Exhaust Gas Temp at DPF", EGT@DPF, 22003E, (A-2)*25+B/10, -50, 1000, C,,

