Name,ShortName,ModeAndPID,Equation,Min Value,Max Value,Units,Header,SampleRate,ScalingFactor,Redline,Model,InitSequence,CloseSequence,
Injector Base Pulse Width,IBPW,221208,(A*256+B)/2048,0,30,ms,,0,,,,10C0,1081,
Injector Pulse Width Band 1,IJPW_1,221206,(A*256+B)/100,0,250,ms,,0,,,,10C0,1081,
Injector Pulse Width Band 2,IJPW_2,221207,(A*256+B)/100,0,250,ms,,0,,,,10C0,1081,
Remaining fuel,Fuel,221186,A,0,255,Liter,,3,,,,10C0,1081,
EVAP Purge Duty,EVAP,221110,A/2,0,100,%,,2,,,,10C0,1081,
VVT Oil Temperature,VVTOIL,22111F,A-50,0,200,C,,3,,,,10C0,1081,
Mass Air Flow,MAF,221209,(A*256+B)/100,0,250,g/s,,0,,,,10C0,1081,
Mass Air Flow Sensor Voltage Band 1,MAF.V1,221204,(A*256+B)/200,0,20,V,,0,,,,10C0,1081,
Mass Air Flow Sensor Voltage Band 2,MAF.V2,221205,(A*256+B)/200,0,20,V,,0,,,,10C0,1081,
Ignation timing advance,Ign.Adv,22110A,110-A,-50,50,Deg,,0,,,,10C0,1081,
Cruise Control Target Speed,Cruise.T,22122B,(A*256+B)*0.5625,0,200,KPH,,2,,,,10C0,1081,
Camshaft Advanced Angle Band 1,CAM.adv1,221135,A*0.5-64,-70,70,Deg,,0,,,,10C0,1081,
Camshaft Advanced Angle Band 2,CAM.adv2,221137,A-128,-70,70,Deg,,0,,,,10C0,1081,
ECU Engine Speed,Rev,221201,(A*256+B)*12.5,0,10000,RPM,,0,1000,,,,10C0,1081,
