﻿Name,Short name,ModeandPID,Equation,Min,Max,Units,Header,Intervl,Scale,Redline,Model,Init,Close
Coolant Temperature,Coolant,221101,A-50,-30,120,C,7E0,3,,,,10C0,1081
Vehicle Speed,Speed,221102,A*2,0,150,KPH,7E0,1,,,,10C0,1081
Control Module Voltage,Voltage,221103,A*0.08,8,20,V,7E0,1,,,,10C0,1081
Fuel temperature,Fuel.temp,221104,A-50,-30,100,C,7E0,3,,,,10C0,1081
EGR Temperature sensor voltage,EGR.temp,221105,A*0.02,-50,10,V,7E0,,,,,10C0,1081
Inake air temperature,IAT,221106,A-50,-50,200,C,7E0,3,,,,10C0,1081
Ignition timing advance,IGN Adv,221107,50-A,-50,50,Deg,7E0,,,,,10C0,1081
Ignition timing advance method 2,IGN Adv2,221108,70-A,-50,50,Deg,7E0,,,,,10C0,1081
Ignition timing advance method 3,IGN Adv3,221109,80-A,-50,50,Deg,7E0,,,,,10C0,1081
Ignition timing advance method 4,IGN Adv4,22110A,110-A,-50,50,Deg,7E0,,,,,10C0,1081
Intake manifold pressure voltage,MAP.V,22110E,A*0.02,0,6,V,7E0,,,,,10C0,1081
PURG VOL C/V,PURG VOL C/V,22110F,A,0,255,,7E0,,,,,10C0,1081
PURG VOL C/V,PURG VOL C/V,221110,A*0.5,0,128,%,7E0,,,,,10C0,1081
Fuel line temperature,Fuelline,221111,A-50,-30,100,C,7E0,3,,,,10C0,1081
EGR value position,EGR.Pos,221112,A*0.5,0,100,%,7E0,,,,,10C0,1081
FPCM Driver Volts,FPCMV,221113,A*0.04,0,10,V,7E0,,,,,10C0,1081
Fuel level Sensor Voltage,F LVL S,221114,A*0.04,0,10,V,7E0,,,,,10C0,1081
EVAP Pressure sensor voltage,EVAPPRES,221115,A*0.02,0,6,V,7E0,,,,,10C0,1081
Absolute pressure sensor voltage,PRES.V,221116,A*0.02,0,6,V,7E0,,,,,10C0,1081
Calculated engine load,CAL/LD,221117,A*100/256,0,100,%,7E0,,,,,10C0,1081
Oxygen sensor B1 S1 voltage,HO2S1 (B1),221118,A*0.01,0,1.5,V,7E0,,,,,10C0,1081
Oxygen sensor B2 S1 voltage,HO2S1 (B2),221119,A*0.01,0,1.5,V,7E0,,,,,10C0,1081
Oxygen sensor B1 S2 voltage,HO2S2 (B1),22111A,A*0.01,0,1.5,V,7E0,,,,,10C0,1081
Oxygen sensor B2 S2 voltage,HO2S2 (B2),22111B,A*0.01,0,1.5,V,7E0,,,,,10C0,1081
Throttle position sensor voltage 1,THRTL.V,22111C,A*0.02,0,6,V,7E0,,,,,10C0,1081
Throttle position sensor voltage 2,THRTL2.V,22111D,A*0.02,0,6,V,7E0,,,,,10C0,1081
Absolute throttle position sensor voltage,THRTL,22111E,A*0.02,0,6,V,7E0,,,,,10C0,1081
VVT oil temperature,VVT Oil,22111F,A-50,-30,200,C,7E0,3,,,,10C0,1081
Engine exhaust gas temperature band 1 voltage,EGT B1,221121,A*0.02,0,6,V,7E0,,,,,10C0,1081
Engine exhaust gas temperature band 2 voltage,EGT B2,221122,A*0.02,0,6,V,7E0,,,,,10C0,1081
Short term fuel trim band 1,SHRTFT1,221123,A-100,-100,100,%,7E0,,,,,10C0,1081
Short term fuel trim band 2,SHRTFT2,221124,A-100,-100,100,%,7E0,,,,,10C0,1081
Long term fuel trim band 1,LTFT B1,221125,A-100,-100,100,%,7E0,,,,,10C0,1081
Long term fuel trim band 2,LTFT B2,221126,A-100,-100,100,%,7E0,,,,,10C0,1081
Camshaft advance B1,CS-B1,221127,A,0,255,Deg,7E0,,,,,10C0,1081
Camshaft advance B2,CS-B2,221128,A,0,255,Deg,7E0,,,,,10C0,1081
Barometric sensor voltage,Baro,221129,A*0.02,0,6,V,7E0,,,,,10C0,1081
MAP sensor voltage,MAP,22112A,A*0.02,0,6,V,7E0,,,,,10C0,1081
PEP correction,PEP,22112D,S_A,-100,100,Deg,7E0,,,,,10C0,1081
XX Correction,Corr XX,22112E,A*12.5,0,3200,RPM,7E0,,100,,,10C0,1081
POS COUNT,POS COUNT,22112F,A,0,255,,7E0,,,,,10C0,1081
Pressure regulator duty cycle,PRESS REG,221130,A*0.5,0,100,%,7E0,,,,,10C0,1081
Camshaft advance 1,CS TIM 1,221131,50-A,-200,50,Deg,7E0,,,,,10C0,1081
Camshaft advance 2,CS TIM 2,221132,60-A,-200,70,Deg,7E0,,,,,10C0,1081
Camshaft advance 3,"CS TIM 3""",221133,110-A,-200,200,Deg,7E0,,,,,10C0,1081
Air to fuel ratio ???,A/FR ???,221134,A*256,0,65536,,7E0,,1000,,,10C0,1081
Camshaft advance angle B1,CS TIM(B1),221135,A*0.5-64,-64,65,Deg,7E0,,,,,10C0,1081
Camshaft advance angle B1 2,CS TIM(B1),221136,A-128,-128,128,Deg,7E0,,,,,10C0,1081
Camshaft advance angle B2,CSTIM(B2),221137,A-128,-128,128,Deg,7E0,,,,,10C0,1081
Camshaft valve duty cycle B1,CSDUTY B1,221138,A*100/256,0,100,%,7E0,,,,,10C0,1081
Camshaft valve duty cycle B2,CSDUTY B2,221139,A*100/256,0,100,%,7E0,,,,,10C0,1081
ECU VTC Angel Intake,VTC.Ang.In,22113A,A*0.5-64,-64,65,Deg,7E0,,,,,10C0,1081
ECU VTC Angel Intake 2,VTC.Ang.In,22113B,A-128,-128,128,Deg,7E0,,,,,10C0,1081
Ignition timing advance angle 3,Ign adv3,22113C,112-A,-150,112,Deg,7E0,,,,,10C0,1081
Camshaft advance angle 4,CS TIM 4,22113D,112-A,-150,112,Deg,7E0,,,,,10C0,1081
EGR2 Temperature,EGR2,221143,A-50,-50,200,C,7E0,3,,,,10C0,1081
EVAP DIAG STATUS,EVAP DIAG STATUS,221144,A,0,1,,7E0,,,,,10C0,1081
EVAP SYSTEM CLOSE STATUS,EVAP SYSTEM CLOSE STATUS,221146,A,0,1,,7E0,,,,,10C0,1081
Short term fuel trim band 1 lower bound,SHRTFT.Min1,221147,A-100,-100,100,%,7E0,,,,,10C0,1081
Short term fuel trim band 1 upper bound,SHRTFT.Max1,221148,A-100,-100,100,%,7E0,,,,,10C0,1081
Radiator fan speed,FAN RPM,22114A,A*12.5,0,3200,RPM,7E0,,100,,,10C0,1081
Radiator temerature,t Rad,22114B,A-50,-50,150,C,7E0,3,,,,10C0,1081
Oxygen sensor voltage band 1 sensor 3,HO2S3 (B1),22114C,A*0.01,0,1.5,V,7E0,,,,,10C0,1081
Oxygen sensor voltage band 2 sensor 3,HO2S3 (B2),22114D,A*0.01,0,1.5,V,7E0,,,,,10C0,1081
Air to fuel sensor heater bank 1 sensor 1,A/F S1 HTR(B1),22114E,A*0.4,0,100,%,7E0,,,,,10C0,1081
Air to fuel sensor heater band 2 sensor 1,A/F S1 HTR(B2),22114F,A*0.4,0,100,%,7E0,,,,,10C0,1081
O2 Sensor Heater Duty,O2SEN HTR DTY,221150,A*10,0,2550,%,7E0,,100,,,10C0,1081
Vehicle battery state of charge,BATT SOC,221151,A,0,255,%,7E0,,,,,10C0,1081
Engine fuel temperature,Eng.F.t,221152,A-50,-50,200,C,7E0,3,,,,10C0,1081
Cylinder fuel temperature,Cyl.F.t,221153,A-50,-50,200,C,7E0,3,,,,10C0,1081
Fuel pressure sensor voltage 1,FUEL PRES1,221154,A*0.02,0,6,V,7E0,,,,,10C0,1081
Fuel pressure sensor voltage 2,FUEL PRES2,221155,A*0.02,0,6,V,7E0,,,,,10C0,1081
Engine cylinder atmosphere temperature,Cly.temp,221156,A-50,-50,200,C,7E0,3,,,,10C0,1081
A/C POS SIG,A/C POS SIG,221157,A,0,255,,7E0,,,,,10C0,1081
Ignition timing advance 4,Ign adv 4,22115B,A*0.75,0,200,Deg,7E0,,,,,10C0,1081
ECU IDL LNG F/T,IDL LNG F/T,22115C,A*4-512,-512,510,ms,7E0,,,,,10C0,1081
Short term fuel trim,SHRTFT,22115F,A*200/256-100,-100,100,%,7E0,,,,,10C0,1081
Long term fuel trim,LTFT,221161,A*200/256-100,-100,100,%,7E0,,,,,10C0,1081
Ignition timing advance method 5,Ign.Adv5,221162,60-A,-200,60,Deg,7E0,,,,,10C0,1081
ECU INT/V TIM(B2),INT/V TIM(B2),221163,A*0.5-64,-64,65,Deg,7E0,,,,,10C0,1081
Exhaust valve timing band 1,EXH/V TIM B1,221164,A*0.5-64,-64,65,Deg,7E0,,,,,10C0,1081
Exhaust valve timing band 2,EXH/V TIM B2,221165,A*0.5-64,-64,65,Deg,7E0,,,,,10C0,1081
COOLAN TEMP/S,COOLAN TEMP/S,221167,A*0.75-48,-48,144,C,7E0,3,,,,10C0,1081
Vehicle speed SE,Speed SE,221168,A,0,200,KPH,7E0,,,,,10C0,1081
Battery voltage 2,Battery2,221169,(A*256+B)*0.1,0,100,V,7E0,,,,,10C0,1081
INT/A TEMP SE,INT/A TEMP SE,22116A,A*0.75-48,-50,200,C,7E0,3,,,,10C0,1081
ECU IACV-AAC/V,IACV-AAC/V,22116B,A*100/255,0,100,%,7E0,,,,,10C0,1081
ECU PURG VOL C/V,PURG VOL C/V,22116D,A*0.39,0,100,%,7E0,,,,,10C0,1081
ECU HO2S1 (B1),HO2S1 (B1),22116E,A*0.0049-0.07,-1,2,V,7E0,,,,,10C0,1081
ECU HO2S2 (B1),HO2S2 (B1),22116F,A*0.0049-0.07,-1,2,V,7E0,,,,,10C0,1081
ECU ABSOL TH-P/S,ABSOL TH-P/S,221170,A*0.4165,0,100,%,7E0,,,,,10C0,1081
ECU MAS A/F SE-B1,MAS A/F SE-B1,221171,A*5/255,0,5,V,7E0,,,,,10C0,1081
ECU B/FUEL SCHDL,B/FUEL SCHDL,221172,A*0.05,0,13,ms,7E0,,,,,10C0,1081
Throttle position sensor voltage,THRTL.V,221173,A*5/255,0,5,V,7E0,,,,,10C0,1081
ECU CO ADJUSTMENT,CO ADJUSTMENT,221174,S_A,-100,100,%,7E0,,,,,10C0,1081
ECU SLOW INJ,SLOW INJ,221175,A*100/255,0,100,%,7E0,,,,,10C0,1081
ECU MAIN INJ,MAIN INJ,221176,A*100/255,0,100,%,7E0,,,,,10C0,1081
ECU ETHANOL M/R,ETHANOL M/R,221177,A*0.5,0,128,%,7E0,,,,,10C0,1081
Cooling fan duty cycle,ABSOL FAN,221178,A,0,100,%,7E0,,,,,10C0,1081
ECU AC EVA TEMP,AC EVA TEMP,221179,A*0.33-30,-30,200,C,7E0,3,,,,10C0,1081
ECU AC EVA TARGET,AC EVA TARGET,22117A,A*0.33-30,-30,200,C,7E0,3,,,,10C0,1081
ECU ALT DUTY,ALT DUTY,22117B,A*0.5,0,128,%,7E0,,,,,10C0,1081
ECU ACCEL PEDAL POSI,ACCEL PEDAL POSI,22117C,A*0.5,0,128,%,7E0,,,,,10C0,1081
ECU VVEL SEN LEARN-B1,VVEL SEN LEARN-B1,22117D,A*0.026,0,7,V,7E0,,,,,10C0,1081
ECU VVEL SEN LEARN-B2,VVEL SEN LEARN-B2,22117E,A*0.026,0,7,V,7E0,,,,,10C0,1081
ECU FUEL PUMP DUTY,FUEL PUMP DUTY,22117F,A,0,255,%,7E0,,,,,10C0,1081
Ignition timing advance 6,Ign adv,221181,A*0.75,0,200,Deg,7E0,,,,,10C0,1081
Battery temperature sensor voltage,BAT TEMP SEN,221182,A*0.02,0,20,V,7E0,,,,,10C0,1081
GEAR POSITION,GEAR POS,221183,A,0,255,,7E0,,,,,10C0,1081
ALCOHOL MIX,ALCOHOL MIX,221184,A,0,255,%,7E0,,,,,10C0,1081
ETHANOL DENSITY,ETHANOL DENS,221185,A/255,0,1,%,7E0,,,,,10C0,1081
Remaining fuel capacity,Fuel,221186,A,0,256,Liter,7E0,,,,,10C0,1081
HO2S1 HTR VOLT,HO2S1 HTR VOLT,221187,A*20,0,5200,V,7E0,,100,,,10C0,1081
THRTL STK CNT B1,THRTL STK CNT B1,22118A,A,0,255,,7E0,,,,,10C0,1081
ECU THRTL STK CNT B2,THRTL STK CNT B2,22118B,A,0,255,,7E0,,,,,10C0,1081
Camshaft adavance 6,CS TIM 6,22118C,80-A,255,80,Deg,7E0,,,,,10C0,1081
Fuel temperature 2,Fuel.temp 2,22118D,A-50,-30,30,C,7E0,3,,,,10C0,1081
Fuel temperature 3,Fuel.temp 3,22118E,A-50,-30,30,C,7E0,3,,,,10C0,1081
Alternator temperature,Alternator,221191,A*4-42,-42,1000,C,7E0,3,100,,,10C0,1081
Engine rev,Engine,221201,(A*256+B)*12.5,0,8000,RPM,7E0,,1000,,,10C0,1081
CKPS-RPM(POS),CKPS-RPM(POS),221202,(A*256+B)*12.5,0,8000,RPM,7E0,,1000,,,10C0,1081
Distance traveled since MIL,Distance.MIL,221203,(A*256+B),0,65536,KM,7E0,,1000,,,10C0,1081
MAF Sensor B1,MAF B1,221204,(A*256+B)*0.005,0,400,V,7E0,,,,,10C0,1081
MAF sensor B2,MAF B2,221205,(A*256+B)*0.005,0,400,V,7E0,,,,,10C0,1081
Injector pulse widthband 1,IJPW_1,221206,(A*256+B)*0.01,0,300,ms,7E0,,,,,10C0,1081
Injector pulse width band 2,IJPW_2,221207,(A*256+B)*0.01,0,300,ms,7E0,,,,,10C0,1081
Injector base pulse width,IBPW,221208,(A*256+B)/2048,0,40,ms,7E0,,,,,10C0,1081
Mass air flow,MAF,221209,(A*256+B)*0.01,0,655,g/s,7E0,,,,,10C0,1081
Fuel pressure sensor,Fuel Pres,22120C,(A*256+B)*20/65536,0,20,,7E0,,,,,10C0,1081
Accelerator pedal position sensor 1,Pedal1,22120D,(A*256+B)*0.005,0,300,V,7E0,,,,,10C0,1081
Accelerator pedal position sensor 2,Pedal2,22120E,(A*256+B)*0.005,0,300,V,7E0,,,,,10C0,1081
Throttle position sensor 1,TP1,22120F,(A*256+B)*0.005,0,300,V,7E0,,,,,10C0,1081
Throttle position senosr 2,TP2,221210,(A*256+B)*0.005,0,300,V,7E0,,,,,10C0,1081
Fuel injector pulse width band 1,IJPW_1,221211,(A*256+B)*12.8,0,256000,ms,7E0,,1000,,,10C0,1081
Fuel injector pulse width band 2,IJPW_2,221212,(A*256+B)*12.8,0,256000,ms,7E0,,1000,,,10C0,1081
ECU F/INJ EG STRT,F/INJ EG STRT,221213,(A*256+B)*12.8,0,256000,ms,7E0,,1000,,,10C0,1081
BRAKE BST PRESS Sensor 1,Brake.Pres1,221214,(A*256+B)*0.005,0,300,V,7E0,,,,,10C0,1081
BRAKE BST PRESS Sensor 2,Brake.Pres2,221215,(A*256+B)*0.005,0,300,V,7E0,,,,,10C0,1081
ECU SWL C/V (B1),SWL C/V (B1),221216,S_AB/512,-0.5,0.5,,7E0,,,,,10C0,1081
ECU SWL C/V (B2),SWL C/V (B2),221217,S_AB/512,-0.5,0.5,,7E0,,,,,10C0,1081
I/P PULLY Speed,I/P PULLY,221219,(A*256+B),0,65536,RPM,7E0,,1000,,,10C0,1081
Vehicle speed 3,Speed,22121A,(A*256+B)*0.1,0,200,KPH,7E0,,,,,10C0,1081
Injector minimum base pulse width,IBPW.min,22121B,(A*256+B)/2048,0,40,ms,7E0,,,,,10C0,1081
Injector maximum base pulse width,PBPW.max,22121C,(A*256+B)/2048,0,40,ms,7E0,,,,,10C0,1081
ECU TMBL POS sensor voltage,TMBL POS SEN,22121F,(A*256+B)*0.005,0,400,V,7E0,,,,,10C0,1081
MAF reading lower threshold,MAF min,221221,(A*256+B)*0.005,0,400,V,7E0,,,,,10C0,1081
MAF reading upper threshold,MAF max,221222,(A*256+B)*0.005,0,400,V,7E0,,,,,10C0,1081
AC Pressure sensor voltage,AC PRESS SEN,221223,(A*256+B)*0.005,0,400,V,7E0,,,,,10C0,1081
Fan current,FAN AMP,221224,(A*256+B)*0.0291,0,2000,mA,7E0,,100,,,10C0,1081
Wide band oxygen sensor voltage B1 S1,A/F SEN1 (B1),221225,(A*256+B)*0.005,0,400,V,7E0,,,,,10C0,1081
Wide band oxygen sensor voltage B2 S1,A/F SEN1 (B2),221226,(A*256+B)*0.005,0,400,V,7E0,,,,,10C0,1081
ECU SWL/C POSI SE(1),SWL/C POSI SE,221227,(A*256+B)*0.11,0,8000,Deg,7E0,,1000,,,10C0,1081
Engine output torque,Torque,221228,S_AB/4,0,1000,Nm,7E0,,,,,10C0,1081
Vehicle cruise control speed,Cruise,22122A,(A*256+B)*0.05625,0,200,KPH,7E0,,,,,10C0,1081
Cruise control target speed,Cruise.T,22122B,(A*256+B)*0.05625,0,200,KPH,7E0,,,,,10C0,1081
ECU VTC DTY IN B1,VTC DTY IN B1,22122D,(A*256+B)*3200/32768,0,6400,%,7E0,,100,,,10C0,1081
ECU VTC DTY IN B2,VTC DTY IN B2,22122E,(A*256+B)*3200/32768,0,6400,%,7E0,,100,,,10C0,1081
ECU VTC DTY EX B1,VTC DTY EX B1,22122F,(A*256+B)*3200/32768,0,6400,%,7E0,,100,,,10C0,1081
ECU VTC DTY EX B2,VTC DTY EX B2,221230,(A*256+B)*3200/32768,0,6400,%,7E0,,100,,,10C0,1081
Injector pulse width band 1,IPWB1,221232,(A*256+B)*0.001518,0,1000,ms,7E0,,100,,,10C0,1081
Mass air flow 2,MAF2,221233,(A*256+B)*0.034722,0,2000,g/s,7E0,,100,,,10C0,1081
ECU BAT CUR SEN(Norm 2600-3500 on XX),BAT CUR SEN,221246,(A*256+B)*5,0,3500,,7E0,,100,,,10C0,1081
ECU A/F ADJ-B1 (49),A/F ADJ-B1,221249,S_AB*0.002,0,150,,7E0,,,,,10C0,1081
ECU A/F ADJ-B2 (4A),A/F ADJ-B1,22124A,S_AB*0.002,0,150,,7E0,,,,,10C0,1081
ECU TP SEN 1-B2 (4B),TP SEN 1-B2,22124B,(A*256+B)*5,0,350000,,7E0,,1000,,,10C0,1081
ECU TP SEN 2-B2 (4C),TP SEN 2-B2,22124C,(A*256+B)*5,0,350000,,7E0,,1000,,,10C0,1081
ECU INT/V TIM(B1) (4D),INT/V TIM(B1),22124D,(A*256+B)*0.5-16384,-16384,16384,,7E0,,1000,,,10C0,1081
ECU INT/V TIM(B2) (4E),INT/V TIM(B2),22124E,(A*256+B)*0.5-16384,-16384,16384,,7E0,,1000,,,10C0,1081
ECU ENG POWER RQST,ENG POWER RQST,221257,(A*256+B)*0.03125,0,2000,,7E0,,100,,,10C0,1081
ECU ENG SPEED RQST,ENG SPEED RQST,221258,S_AB*0.78125,0,20000,RPM,7E0,,1000,,,10C0,1081
Catalyst Temperature 1,CAT 1,221259,S_AB*0.0625,0,2000,C,7E0,3,100,,,10C0,1081
ECU VVEL POSITION SEN-B1(5A),VVEL POSITION SEN-B1,22125A,S_AB*0.0048,-200,200,V,7E0,,,,,10C0,1081
ECU VVEL POSITION SEN-B2(5B),VVEL POSITION SEN-B2,22125B,S_AB*0.0048,-200,200,V,7E0,,,,,10C0,1081
ECU VVEL TIM-B1(5D),VVEL TIM-B1,22125D,S_AB*0.0055,-200,200,Deg,7E0,,,,,10C0,1081
ECU VVEL TIM-B2(5E),VVEL TIM-B2,22125E,S_AB*0.0055,-200,200,Deg,7E0,,,,,10C0,1081
Cruise control target speed 2,Cruise T2,22125F,(A*256+B)*0.01,0,200,KPH,7E0,,,,,10C0,1081
ECU A/F LEARN-B1(61),A/F LEARN-B1,221261,S_AB*0.046875,-1000,1000,%,7E0,,100,,,10C0,1081
BOOST S/V Duty cycle,BOOST S/V,221263,S_AB*64/32768,-70,70,%,7E0,,,,,10C0,1081
ECU ETHANOL CONS(64),ETHANOL CONS,221264,(A*256+B),0,65536,,7E0,,1000,,,10C0,1081
Cooling fan speed,FAN RPM,221265,S_AB*0.0625,0,2000,RPM,7E0,,100,,,10C0,1081
Engine oil temperature 2,Oil.Temp,221266,S_AB*0.0234375-273,-500,500,C,7E0,3,,,,10C0,1081
ECU H/P FUEL PUMP DEG,H/P FUEL PUMP DEG,22126A,(A*256+B)*0.1,0,0,Deg,7E0,,,,,10C0,1081
ECU FUEL PRES SEN V,FUEL PRES SEN V,221277,(A*256+B)*5,0,327680,,7E0,,1000,,,10C0,1081
ECU EOP SENSOR,EOP SENSOR,221278,(A*256+B)*5,0,327680,,7E0,,1000,,,10C0,1081
ECU L/FUEL PRES SEN,L/FUEL PRES SEN,221279,(A*256+B)*0.001,0,70,,7E0,,,,,10C0,1081
ECU L/FUEL PRES SEN V,L/FUEL PRES SEN V,221279,(A*256+B)*5,0,327680,,7E0,,1000,,,10C0,1081
Temperature ECM1,t ECM1,22127B,S_AB*0.125-50,-50,150,C,7E0,3,,,,10C0,1081
Temperature ECM2,t ECM2,22127C,S_AB*0.125-50,-50,150,C,7E0,3,,,,10C0,1081
ECU STRT LEARN VALUE,STRT LEARN VALUE,22127D,(A*256+B),0,65536,,7E0,,1000,,,10C0,1081
ECU CML B/DCHG CRNT,CML B/DCHG CRNT,22127F,(A*256+B)*5,0,327680,,7E0,,1000,,,10C0,1081
ECU TRGT ALT VLTG,TRGT ALT VLTG,221281,(A*256+B)*20,0,1310720,,7E0,,10000,,,10C0,1081
ECU FUEL PRES 1,FUEL PRES 1,221282,(A*256+B)*0.00023375,0,16,,7E0,,,,,10C0,1081
ECU FUEL PRES 2,FUEL PRES 2,221283,(A*256+B)*0.00023375,0,16,,7E0,,,,,10C0,1081
Fuel injector pulse width,INJ PULSE,221284,(A*256+B)*10,0,655360,ms,7E0,,1000,,,10C0,1081
PROPANE RATIO,PROPANE RATIO,221285,(A*256+B)*1600/32768-100,0,100,%,7E0,,,,,10C0,1081
ECU A/F ADJ(86),A/F ADJ,221286,(A*256+B)/2048,0,32,ms,7E0,,,,,10C0,1081
ECU A/F LRN CNTR B2(88),A/F LRN CNTR B2,221288,(A*256+B),0,65536,,7E0,,1000,,,10C0,1081
ECU A/F LRN CNTR B1(89),A/F LRN CNTR B1,221289,(A*256+B),0,65536,,7E0,,1000,,,10C0,1081
ECU G SENSOR,G SENSOR,22128A,(A*256+B)*5,0,327680,,7E0,,,,,10C0,1081
CVT DETERIORATION DATE,CVT DET Date,2103,A*16777216+B*65536+C*256+D,0,220000,,7E1,,1000,,,10C0,1081
CVT VSP SENSOR,VSP SE,2101,C,0,200,KPH,7E1,,,,,10C0,1081
CVT ESTM VSP SIG,ESTM VSP SIG,2101,D,0,200,KPH,7E1,,,,,10C0,1081
CVT Primary speed sensor,PRI SPEED,2101,E*32,0,1000,RPM,7E1,,100,,,10C0,1081
CVT Engine speed sensor,ENG SPEED,2101,F*32,0,8000,RPM,7E1,,1000,,,10C0,1081
CVT SEC HYDR SEN,SEC HYDR SEN,2101,G*5/255,0,5,V,7E1,,,,,10C0,1081
CVT PRI HYDR SEN,PRI HYDR SEN,2101,H*5/255,0,5,V,7E1,,,,,10C0,1081
CVT ATF TEMP SEN,ATF TEMP SEN,2101,I*5/510,0,3,V,7E1,,,,,10C0,1081
CVT VIGN SEN,CVT VIGN SEN,2101,J*20/255,8,20,V,7E1,,,,,10C0,1081
CVT VEHICLE SPEED,CVT VEHICLE SPEED,2101,K,0,200,KPH,7E1,,,,,10C0,1081
CVT PRI SPEED,CVT PRI SPEED,2101,M*32,0,10000,RPM,7E1,,1000,,,10C0,1081
CVT SEC SPEED,CVT SEC SPEED,2101,N*64,0,10000,RPM,7E1,,1000,,,10C0,1081
CVT ENG SPEED,ENG SPEED2,2101,O*32,0,10000,RPM,7E1,,1000,,,10C0,1081
CVT GEAR RATIO,CVT GEAR RATIO,2101,Q*0.01,0,3,,7E1,,,,,10C0,1081
CVT ACCEL POSI SEN 1,CVT ACCEL POSI SEN 1,2101,S*8/255,0,8,%,7E1,,,,,10C0,1081
CVT TRQ RTO,CVT TRQ RTO,2101,AA/64,0,4,,7E1,,,,,10C0,1081
CVT SEC PRESS,CVT SEC PRESS,2101,AB*0.025,0,7,,7E1,,,,,10C0,1081
CVT PRI PRESS,CVT PRI PRESS,2101,AC*0.025,0,7,,7E1,,,,,10C0,1081
CVT-B,CVT-B,2110,A*256+B,0,10000,,7E1,,1000,,,10C0,1081
Fuel Level,Fuel,2101,M*0.8,0,82,L,743,3,,,,10C0,1081
Odometer,Odometer,2101,H*65536+I*256+J,0,1000000,KM,743,,10000,,,10C0,1081
Tachometer,Engine,2101,(K*256+L)/8,0,8000,RPM,743,,1000,,,10C0,1081
Coolant temperature,Coolant,2101,N-40,-40,130,C,743,3,,,,10C0,1081
AWD Voltage at the solenoid (A),AWD V,2101,I*0.02,0,5,V,748,,,,,10C0,1081
AWD Power split front axle,AWD Front,2101,100-((I*0.02)/2)*50,0,100,%,748,,,,,10C0,1081
AWD Power split rear axle,AWD Rear,2101,((I*0.02)/2)*50,0,100,%,748,,,,,10C0,1081
