﻿Name,DispName,MIDPID,Equation,Min,Max,Unit,Header,Inteval,Scale
Control module voltage,Voltage,21A9,(Q*1331.7/255)+(R*5.2/255),0.0,20,Volts,827AF1,0,1
Engine speed,Engine,21AA,(M*256)+N,0.0,65535.0,RPM,827AF1,0,1000
Vehicle speed,Speed,21AA,O*652/255,0.0,652.0,KPH,827AF1,0,1
Idle speed reference,Idle,21AA,(K*256)+L,0.0,65535.0,RPM,827AF1,1,1000
Idle speed correction,Idle.corr,21AF,(32768-((A*256)+B))-32768,0.0,65535.0,RPM,827AF1,1,1000
Coolant temperature,Coolant,21A9,((A*25.6)+(B*0.1))-273.0 ,0.0,120.0,C,827AF1,3,1
Fuel temperature,Fuel,21A9,((E*25.6)+(F*0.1))-273.0,0.0,120.0,C,827AF1,3,1
Air temperature,Air,21A9,((C*25.6)+(D*0.1))-273.0,0.0,120.0,C,827AF1,3,1
Fuel flow ,Fuelflow,21AB,(C*652.8/255)+(D*2.6/255),0.0,800,mm3/cp,827AF1,0,1
Idling reference fuel flow,Fuelflow.ref,21AB,(A*652.8/255)+(B*2.6/255),0.0,800,mm3/cp,827AF1,1,1
Pressure in the gallery,Gallery,21A9,100*((K*25.6)+(L*0.1)),0.0,800,kPa,827AF1,0,1
Boost pressure,Boost,21A9,0.1*((I*256)+J),0.0,800,kPa,827AF1,0,1
Measure air flow,MAF,21A9,(M*25.6)+(N*0.1),0.0,800,Kg/hr,827AF1,0,1
Barometric pressure,Baro,21A9,0.1*((G*256)+H),0.0,200,kPa,827AF1,3,1
Controlled fuel flow,FuelFlow,21AB,0.0036*((M*2560)+(N*10)),0.0,200,L/hr,827AF1,1,1
Pedal load,Pedal.ld,21AA,(I*652/255)+(J*3/255),0.0,200,%,827AF1,0,1
Pedal load(trac 1),Pedal.ld1,21AA,(C*652/255)+(D*3/255),0.0,200,%,827AF1,0,1
Pedal load(trac 2),Pedal.ld2,21AA,(G*652/255)+(H*3/255),0.0,200,%,827AF1,0,1
