﻿Name,DispName,MIDPID,Equation,Min,Max,Unit,Header,Inteval,Scale
Engine idle speed,Idle,222024,(A*256+B)/4,600.0,2000,RPM,,1,1
Power on the glow plugs,Glow,222052,A/2.55,0.0,100.0,%,,0,1
AC Compressor,AC,222098,(A*256+B)/4,500.0,1200.0,RPM,,0,1
Oil change mileage,OilChg,222110,(A*65536+B*256+C),0.0,300000.0,KM,,3,1000
Ambient temperature,Air,211B,B-40,-40.0,50.0,C,745,3,1
DPF inlet temperature,DPF.In,222442,((A*256+B)-2730)/10,-20.0,700.0,C,,3,1
Alternator Charge,Alt.Chrg,222099,A/2.55,0.0,100.0,%,,1,1
Engine Torque,Torque,222004,((A*256+B)-12800)/32,0.0,300.0,Nm,,0,1
Odometer,Odo,222006,(A*65536+B*256+C),0.0,500.0,KM,,3,1
Accelerator pedal Position,Acc.pedal,22202E,(A*256+B)/10,0.0,100.0,%,,0,1
Barometric pressure,Baro,222009,(A*256+B)/10,0.0,500,kPa,,2,1
AC Compressor pressure,AC,22222A,((A*256+B)/0.69)*100,0.0,10.0,kPa,,2,1
Fuel line pressure,FLinePres,222801,((A*256+B)*0.69)*100,0.0,100.0,kPa,,0,1
Engine speed,Engine,222002,(A*256+B)/4,500.0,10000.0,RPM,,0,1000
Intake air temperature,IAT,22F40F,A-40,-20.0,60.0,C,,3,1
Fuel temperature,Fuel,222008,((A*256+B)-2730)/10,-40.0,120.0,C,,3,1
Coolant,Coolant,222001,((A*256+B)-2730)/10,-40.0,120.0,C,,3,1
Control module voltage,Voltage,222005,(A*256+B)/100,10.0,15.0,Volts,,1,1
Vehicle speed,Speed,222003,(A*256+B)/100,0.0,250.0,KPH,,0,1
Cruise control speed preset,Cruise.Tgt,222035,A,0.0,255.0,KPH,,1,1
Mass air flow,MAF,222412,(A*256+B)/10,0.0,60.0,,,0,1
Intake manifold pressure,MAP,22240B,(A*256+B)/10,0.0,300.0,kPa,,0,1
DPF inlet temperature,DPF.In,222441,((A*256+B)-2730)/10,-20.0,700.0,C,,2,1
DPF soot mass,Soot,22242C,(A*256+B)/100,0.0,60.0,g,,3,1
PR364 Correction of the fuel consumption - 1,[K9K] PR364 Correction of the fuel consumption - 1,22FD07,(A*256+B)*0.0000305,0.0,2.0,,,1,1
Correction PR405 fuel consumption - 2,[K9K] Correction PR405 fuel consumption - 2,22FD08,(A*256+B)*0.0000305,0.0,2.0,,,1,1
Correction PR406 fuel consumption - 3,[K9K] Correction PR406 fuel consumption - 3,22FD09,(A*256+B)*0.0000305,0.0,2.0,,,1,1
PR365 Correction of the fuel consumption - 4,[K9K] PR365 Correction of the fuel consumption - 4,22FD0A,(A*256+B)*0.0000305,0.0,2.0,,,1,1
Turbo inlet pressure,Turbo,222448,(A*256+B)/10,0.0,300.0,kPa,,0,1
Turbo inlet temperature,Turbo,222439,((A*256+B)-2730)/10,-20.0,200.0,C,,2,1
PR846 CES elektromag. valve reg. boost pressure,Boost.Val,222403,(A*256+B)/100,0.0,100.0,%,,0,1
Number of failed regenerations,RegnFail,222485,A,0.0,50.0,,,3,1
Number of successful regenerations of the diesel particulate filter,RegnOK,222481,A,0.0,100.0,,,3,1
Mass air flow,MAF,2224F2,(A*256+B)/10,0.0,400.0,kg/hr,,0,1
Extent of dilution of engine oil,DiluteOil,222489,(A*256+B)/655.35,0.0,1.0,%,,3,1
EXHAUST flow in the particulate filter,Exhaust.fl,222447,(A*256+B)/10,0.0,100.0,L/hr,,0,1
last regeneration duration,Regen.Dur,222487,(A*256+B)/10,0.0,1200.0,sec,,3,10
Intake air temperature,IAT,22244D,((A*256+B)-2730)/10,-20.0,700.0,C,,3,1
Power,Powr,222057,(A*256+B)*10,0.0,100.0,Watt,,1,1
Total flow injection system,Inj.Flow,222806,(A*256+B)/100,0.0,100.0,mg/cp,,1,1
