﻿Name,DispName,MIDPID,Equation,Min,Max,Unit,Header,Interval,Scale
Coolant Temperature,Coolant,222001,(A*25.6+B*0.1)-273,-30.0,150,C,7E0,3,1
Engine Speed,Engine,222002,A*64+B*0.25,0.0,10000,RPM,7E0,0,1000
Vehicle Speed,Speed,222003,A*2.56+B*0.01,0.0,256,KPH,7E0,0,1
Engine Torque,Torque,222004,(A*8+B*8/255)-400,0,700,NM,7E0,0,1
Control module voltage,Voltage,222005,A*2.56+B*0.01,0.0,20,Volts,7E0,0,1
Exterior temperature,Ext,22200C,C-40,-40.0,100,C,743,3,1
Fuel level,Fuel,222203,A*2.56+B*0.01,0.0,200,Liter,743,3,1
Fuel level,Fuel,222201,A*2.56+B*0.01,0.0,200,Liter,743,3,1
