﻿Name,DispName,MIDPID,Equation,Min,Max,Unit,Header,Interval,Scale,
Accelerator,Accel,22202E,(A*256+B)/10,0.0,100.0,%,,0,1,
Air,Air flow,222422,(A*256+B)/20,0.0,100.0,kg/Hr,,0,1,
Alternator load,Altntr.Ld,222099,A/2.56,0.0,100.0,%,,1,1,
Automatic transmission fluid temperature,ATF,222007,((A*256+B)-2730)/10,-40.0,200.0,C,,3,1,
Cruise control speed setpoint,Cruise.Tgt,222035,A*256+B,0.0,250.0,KPH,,1,1,
ECU voltage,Voltage,222005,(A*256+B)/100,10.0,18.0,Volts,,1,1,
Engine air load,Air.Ld,22245E,(A*256+B)/16384,0.0,300,,,0,1,
Calculated Engine load,Load.Calc,22EF04,(A*256+B)/2.55,0.0,100.0,%,,0,1,
Engine torque,Torque,222004,((A*256+B)-12800)/32,0.0,150.0,Nm,,0,1,
Freon pressure,Freon,22222A,(A*256+B),0.0,20,kPa,,0,1,
Remaining fuel ,Fuel,222201,63.269-0.1972*B,0.0,67.0,Liter,743,3,1,
Idle speed setpoint,Idle,222024,(A*256+B)/4,600.0,1500.0,RPM,,2,1,
Ignition advance,Ign.Adv,222807,((A*256+B)-63)/2.666,0.0,90.0,Deg,,0,1,
Fuel injection pulse width,FIPW,222804,(B*256+C)/100,0.0,80.0,ms,,0,1,
Intake Manifold Absolute Pressure,MAP,22EF0B,A*256+B,0.0,300,kPa,,0,1,
Knock counter - cylinder 1,Knock.cnt1,222847,A*256+B,0.0,65536,,,1,1000,
Knock counter - cylinder 2,Knock.cnt2,222848,A*256+B,0.0,65536,,,1,1000,
Knock counter - cylinder 3,Knock.cnt3,222849,A*256+B,0.0,65536,,,1,1000,
Knock counter - cylinder 4,Knock.cnt4,22284A,A*256+B,0.0,65536,,,1,1000,
Mean knock noise,K.Noise,22284D,A,0.0,255,,,1,1,
Misfire counter,MF.Total,222874,A*256+B,0.0,65536,,,1,1000,
Misfire counter - cylinder 1,MF.Cly1,222841,A*256+B,0.0,65536,,,1,1000,
Misfire counter - cylinder 2,MF.cly2,222842,A*256+B,0.0,65536,,,1,1000,
Misfire counter - cylinder 3,MF.cly3,222843,A*256+B,0.0,65536,,,1,1000,
Misfire counter - cylinder 4,MF.cly4,222844,A*256+B,0.0,65536,,,1,1000,
Phaser position,Phaser,222031,(A*256+B)/50,0.0,90.0,Deg,,1,1,
Phaser position setpoint,Phaser.tgt,222030,(A*256+B)/50,0.0,90.0,Deg,,1,1,
Exterior temperature,Ambient,211B,B-40,-40.0,50.0,C,745,3,1,
Exterior temperature,Ambient,211B,C-40,-40.0,50.0,C,745,3,1,
Clutch maximum switch,Cltch.Max,222045,A,0.0,4.0,,,1,1,
Clutch minimum switch,Cltch.Min,222027,A,0.0,4.0,,,1,1,
Engine status,Engine.S,222010,A,0.0,48.0,,,1,1,
Steering wheel push buttons voltage,Button.Volt,222039,A*256+B,0.0,20,Volts,,0,1,

