﻿Name,DispName,MIDPID,Equ,min,max,unit,header,interval,scale
Coolant temperature,Coolant,21A2,(N*119.38/191)-40,-40,200,C,827AF1,,1
Air Temperature,Air,21A2,(O*119.38/191)-40,-40,100,C,827AF1,,1
Control module voltage,Voltage,21A2,(P*8.16/255)+8,0,20,Volts,827AF1,,1
Barometric pressure,Baro,21A9,(1047-(L*944/255))*0.1,0,120,kPa,827AF1,,1
Engine speed,Engine,21A2,(H*256)+I,0,10000,RPM,827AF1,,1000
Idle speed reference,Idle,21A2,(R*256)+S,0,10000,RPM,827AF1,,1000
Idle speed reference in after sales,Idle,21AB,H*16,0,10000,RPM,827AF1,,1000
Downstream oxygen sensor voltage,O2b1s2,21A2,L*2489/255,0,2489.0,mV,827AF1,,1
Vehicle speed,Speed,21A3,L,0,255.0,KPH,827AF1,,1
Engine torque,Torque,21A3,(O*2)-100,0,500,NM,827AF1,,1
Distance  with fault light iluminated,Dist.Mil,21AA,N*18.1,0,4000,KM,827AF1,,1
