﻿Name,DispName,MIDPID,Equation,Min,Max,Unit,Header,Interval,Scale
CVT oil degradation,CVTOIL.degr,2110,AC*256+AD,0.0,220000.0,,7E1,4,1000
CVT oil degradation test,CVTOIL.degr,2110,AB*65536+AC*256+AD,0.0,220000.0,,7E1,4,1000
CVT Primary Speed,CVT Pri,2103,A*32,0.0,8160.0,RPM,7E1,0,1000
CVT Primary Speed,CVT Pri,2103,(A-2)*32,0.0,8160.0,RPM,7E1,0,1000
CVT Secondary Speed,CVT2nd,2103,(B-2)*64,0.0,16320.0,RPM,7E1,0,1000
CVT Secondary Speed,CVT2nd,2103,B*64,0.0,16320.0,RPM,7E1,0,1000
CVT Real Speed Ratio,CVTSPD.Rat,2103,E/100,0.0,3,,7E1,2,1
CVT LU solenoid monitor mA,CVTLU.sol,2105,G*256+H,0.0,65535.0,mA,7E1,0,1000
CVT LU solenoid output mA,CVTLU.Sol,2105,A*256+B,0.0,65535.0,mA,7E1,0,1000
CVT Gear Number,CVTGr,2106,C+1,1.0,256,,7E1,0,1
MPI Coolant,MPICLNT,2102,B-40,-40.0,130.0,C,7E0,3,1
ABS FL wheel speed sensor,ABS FL,2101,A*2.56+B*0.01,0.0,300,KPH,784,0,1
ABS FR wheel speed sensor,ABS FR,2101,C*2.56+D*0.01,0.0,300,KPH,784,0,1
ABS RL wheel speed sensor,ABS RL,2101,E*2.56+F*0.01,0.0,300,KPH,784,0,1
ABS RR wheel speed sensor,ABS RR,2101,G*2.56+H*0.01,0.0,300,KPH,784,0,1
AWC SAS(adjusted value),AWCSAS.adj,2116,B*30.6/255-15.24,-15.0,15.0,Deg,7B6,0,1
AWC SAS,AWCSAS,2116,(B-128)/8,-15.0,15.0,Deg,7B6,0,1
AWC Center coupling current (Amp),AWCCC,2101,F*3.06/255,0.0,3.0,Amp,7B6,0,1
AWC Center coupling current (Amp),AWCCC,2101,(F*3.0)/255,0.0,3.0,Amp,7B6,0,1
AWC Ignition Off time,Ign.OFF,210D,J,0.0,255.0,Min,7B6,2,1
AWC Ignition Status,Ign.S,210D,C,0.0,255.0,,7B6,2,1
AWC Mode,Mode,2101,A,0.0,255.0,,7B6,1,1
AWC Steering Angle,Steer,2104,((A*256+B)-4096)/2,-800.0,800.0,Deg,7B6,0,1
AWC Steering Speed (degrees/sec),Steer,2104,((C*256+D)-4096)/2,-800.0,800.0,Deg/s,7B6,1,1
AWC Steering Status,Steering.S,2104,E,0.0,255.0,,7B6,1,1
AWC Accelerator Position, Accel,2105,(A*100)/256,0.0,100.0,%,7B6,0,1
AWC Engine RPM,Engine ,2105,(B*256)+C,0.0,7000.0,RPM,7B6,0,100
AWC FL Rotation,FL Rot,2107,(A*256+B)/2,0.0,4000.0,RPM,7B6,0,100
AWC FR Rotation,FR Rot,2107,(C*256+D)/2,0.0,4000.0,RPM,7B6,0,100
AWC RL Rotation,RL Rot,2107,(E*256+F)/2,0.0,4000.0,RPM,7B6,0,100
AWC RR Rotation,RR Rot,2107,(G*256+H)/2,0.0,4000.0,RPM,7B6,0,100
AWC FL Speed,FL,2107,(I*256+J)/100,0.0,250.0,KPH,7B6,0,1
AWC FR Speed,FR,2107,(K*256+L)/100,0.0,250.0,KPH,7B6,0,1
AWC RL Speed,RL,2107,(M*256+N)/100,0.0,250.0,KPH,7B6,0,1
AWC RR Speed,RR,2107,(O*256+P)/100,0.0,250.0,KPH,7B6,0,1
AWC Yaw Rate (degrees/sec),Yaw,210A,((A*256+B)-32768)/100,-90.0,90.0,Deg/s,7B6,0,1
AWC Lateral G,Lat G,210A,(C-128)/10,-12.0,12.0,m/ss,7B6,0,1
AWC Longitudinal G,Long G,210A,(D-128)/10,-12.0,12.0,m/ss,7B6,0,1
AWC ACC Voltage,ACCVolt,210D,D/10,0.0,17.0,Volts,7B6,1,1
Odometer,Odo,210D,((F*65536)+(G*256)+H)/10,0.0,1677721.0,KM,7B6,3,1000
AWC Air Temperature,Air,210D,(I/2)-40,-30.0,85.0,C,7B6,3,1
AWC ECU Voltage,ECUVolt,2113,(B*256+C)/64,0.0,17.0,Volts,7B6,1,1
AWC Ext Voltage,ExtVolt,2113,(D*256+E)/64,0.0,17.0,Volts,7B6,1,1
AWC Milage,Milage,2130,((C*65536)+(D*256)+E)/10,0.0,1677721.0,KM,7B6,3,1000
