﻿Name,DispName,MIDPID,Equation,Min,Max,Unit,Header,Interval,Scale
Battery voltage,Battery,2101,A*18.68/255,0.0,18.0,Volts,7E0,1,1
Engine speed,Engine,2101,C*25,0.0,10000,RPM,7E0,0,1000
Target value of speed XX, XX.Tgt,2101,D*1593.75/255,0.0,1600.0,RPM,7E0,0,10
Vehicle Speed,Speed,2101,B,0.0,200.0,KPH,7E0,0,1
Barometric Sensor,Baro.Snsr,2102,E*125.79/255+0.29,0.0,130.0,Kpa,7E0,3,1
Boost pressure,Boost,2102,100*(C*3.3997/255-1),-1.0,0.0,Bar,7E0,0,1
Boost pressure,Boost,2102,C*339.97/255,0.0,340.0,kPa,7E0,0,1
Intake Air Temperature,IAT,2102,D-40,-40.0,120.0,C,7E0,3,1
Air temperature,Air,2102,A-40,-40.0,120.0,C,7E0,3,1
Coolant temperature,Coolant,2102,B-40,-40.0,120.0,C,7E0,3,1
Oil temperature,OilTemp,2103,A-40,-40.0,120.0,C,7E0,3,1
Odometer,Odo,2103,B*65536+C*256+D,0.0,16777215.0,KM,7E0,3,1000
Mass air flow,MAF,2104,E*10,0.0,2550.0,mg,7E0,0,10
Throttle position sensor,TPS,2104,A/51,0.0,5.0,Volts,7E0,0,1
L200 4D56 main,L200 4D56 main,2108,A*99.6/255,0.0,0.0,%,7E0,1,1
L200 4D56 secondary,L200 4D56 secondary,2108,B*99.6/255,0.0,0.0,%,7E0,1,1
APS (main) learned close position,APS.CL,2109,(A*256+B)*19.45/25493.505-2.5,0.0,0.0,Volts,7E0,1,1
Fuel volumn injection 1,F.Inj1,2143,A/10,0.0,26.0,mm3/strk,7E0,0,1
Fuel volumn injection 2,F.Inj2,2143,B/10,0.0,26.0,mm3/strk,7E0,0,1
Fuel volumn injection 3,F.Inj3,2143,C/10,0.0,26.0,mm3/strk,7E0,0,1
Battery temperature,Battery,2146,C-40,-40.0,120.0,C,7E0,3,1
EGR valve Position,EGR,2147,B*99.61/255,0.0,100.0,%,7E0,0,1
Total amount of fuel,F.Inj.Total,214A,A/2,0.0,128.0,mm3/strk,7E0,0,1
Initial amount of fuel,F.Inj.Init,214A,B/2,0.0,128.0,mm3/strk,7E0,0,1
Smoke Limit fuel quantity,Smk.F.Inj,214A,C/2,0.0,128.0,mm3/strk,7E0,0,1
Fuel Quantity ,F.Inj.Q,214A,D/10,0.0,0.0,mm3/strk,7E0,0,1
Fuel injection pulse width,IJPW,214B,B/10,0.0,0.0,ms,7E0,0,1
Target fuel rail pressure,FR.Pres.Tgt,214C,A*1000,0.0,255.0,kPa,7E0,0,1
Fuel rail Pressure,FRail,214C,B*1000,0.0,255.0,kPa,7E0,0,1
Trained high pressure pump,HPP.Tr,214C,E,0.0,255.0,mA,7E0,1,1
Learned value of the high pressure pump,HPP.ln,214C,D*10-1280,-1280.0,1270.0,mA,7E0,1,1
Target value of the high pressure pump,HPP.Tgt,214C,C*25,0.0,6375.0,mA,7E0,1,1000
L200/NMPS AT_V5A5A Automatic  transmission fluid temperature  sensor,ATF,2102,F-40,-40.0,215.0,C,7E1,3,1
L200/NMPS AT_V5A5A Automatic transmission monitoring relay output voltage,AT.Rv,2102,G*33.15/255,0.0,31.0,Volts,7E1,3,1
L200/NMPS AT_V5A5A Clutch damper slipping,Clth.SLP,2102,I-51,-51.0,204.0,RPM,7E1,1,1
L200/NMPS AT_V5A5A the.RAB.the second El-MAGN.valve,ElMAGN.valve,2103,100-(C*100/255),100.0,0.0,%,7E1,1,1
L200/NMPS AT_V5A5A the duty cycle of the El-MAGN,El-MAGN.dty,2103,100-(D*100/255),100.0,0.0,%,7E1,1,1
L200/NMPS AT_V5A5A RAB.soleniod.valve selections.,RAB.sol,2103,100-(E*100/255),100.0,0.0,%,7E1,1,1
El-MAGN DCC duty cycle,El-MAGN DCC,2103,100-(F*100/255),100.0,0.0,%,7E1,1,1
