Name,ShortName,ModeAndPID,Equation,Min Value,Max Value,Units,Header,Sample Rate,
Balance Rate (Cyl 1),BAL C1,22162F,((A*256+B)-32768)*0.015625,-200,200,,,1
Balance Rate (Cyl 2),BAL C2,221630,((A*256+B)-32768)*0.015625,-200,200,,,1
Balance Rate (Cyl 3),BAL C3,221631,((A*256+B)-32768)*0.015625,-200,200,,,1
Balance Rate (Cyl 4),BAL C4,221632,((A*256+B)-32768)*0.015625,-200,200,,,1
Balance Rate (Cyl 5),BAL C5,221633,((A*256+B)-32768)*0.015625,-200,200,,,1
Balance Rate (Cyl 6),BAL C6,221634,((A*256+B)-32768)*0.015625,-200,200,,,1
Balance Rate (Cyl 7),BAL C7,221635,((A*256+B)-32768)*0.015625,-200,200,,,1
Balance Rate (Cyl 8),BAL C8,221636,((A*256+B)-32768)*0.015625,-200,200,,,1
