﻿Name,ShortName,ModeAndPID,Equation,Min Value,Max Value,Units,OBD Header
Control Module Voltage,Cont. Mod. Volt,220042,(A*256+B)/1000,0,15,V,7E0
Engine Coolant Temp,Coolant Temp,220005,(A-40),-40,200,C,7E0
Engine Oil Temp,Oil Temp,221154,(A-40),-40,200,C,7E0
Fuel Level,Fuel Level,22002F,A*100/255,0,100,%,7E0
Fuel Remaining,Fuel Remaining,22002F,(A/255)*9.3122,0,9.3,Gallons,7E0
Hybrid Pack Remaining (SOC),SOC,22005B,A*100/255,0,100,%,7E0
Speed kmh,Speed,22000D,A,0,200,kmh,7E0
*M Commanded Throttle Pos,Commanded Throttle Pos,22004C,A*100/255,0,100,%,7E0
*M Engine Torque,Engine Torque,22203F,((256*A)+B)/4,0,200,Nm,7E0
*M Fuel System Status,M11 31 B1,221131,A,0,255,B1,7E0
*M Intake Air Temp IAT,IAT,22000F,(A-40)/2,-20,100,C,7E0
*M Long Term Fuel Trip Bank 2,M15 73 B1,221573,100*A/255,0,100,%,7E0
*M Long Term Fuel Trip Bank1,M15 72 B1,221572,100*A/255,0,100,%,7E0
*M Short Term Fuel Trip Bank1,M15 70 B1,22 15 70,100*A/255,0,100,%,7E0
*M Short Term Fuel Trip Bank2,M15 71 B1,221571,100*A/255,0,100,%,7E0
*M Spark Advance,Spark Advance,22000E,A/2-64,-64,64,Deg,7E0
mileage,Engine RPM,22000C,(A*256+B)/4,0,8192,rpm,7E0
HV Discharge Amps,HV Amps,222414,(S_A*256+B)/20,-100,100,A,7E1
MGA Voltage,MGA V,222885,(A*256+B)/100,0,400,V,7E1
MGB Voltage,MGB V,222886,(A*256+B)/100,0,400,V,7E1
PRNDL,PRNDL,222889,A,0,8,,7E1
Transmission Pressure,Trans Pressure,222862,(S_A*256+B),0,20000,,7E1
BRAKE,H1 24 34,222434,(A*256+B)/64,0,420,V,7E1
Tran Temp,Tran Temp,221940,(A-40),-40,215,C,7E2
Clutch Slip C1 (Ring),C1(Ring) Slip,222851,(S_A*256+B)/4,-8192,8192,RPM,7E2
TCM 19 9E 1byte,T 19 9E 1b,22199E,(S_A*256+B),-32000,32000,V,7E2
TCM 1A 18,T 1A 18 1b,221A18,(S_A*256+B),-32000,32000,V,7E2
TCM 1A 1F,T 1A 1F 1b,221A1F,(S_A*256+B),-32000,32000,V,7E2
TCM 28 54,T 28 54 1b,222854,(S_A*256+B),-32000,32000,V,7E2
Clutch C2 Slip,C2 Slip,222853,(S_A*256+B)/4,-8192,8192,RPM,7E2
Clutch C3 Slip,C3 Slip,2219D4,(S_A*256+B)/4,-8192,8192,RPM,7E2
Transmission ISS  19 41,Tran ISS,221941,((S_A*256+B))/4,-32000,32000,RPM,7E2
Charger AC Current,ChargerAmpsIn,224369,A*0.2,0,50,A,7E4
Charger AC Voltage,ChargerVoltsIn,224368,A*2,0,512,V,7E4
Charger HV Current,ChargeAmp,22436C,((S_A*256+B))/20,0,20,A,7E4
Charger HV Power,ChargeWatt,224373,(S_A*256+B),0,3000,W,7E4
Charger HV Voltage,ChargeVolt 43 6B,22436B,((S_A*256+B))/2,0,400,V,7E4
HV Battery Temp,Bat Temp,22434F,(A-40),-20,100,C,7E4
Last Charge AC Wh,LastCharge Wh,22437D,((A*256+B))*10,0,20000,Wh,7E4
Power Electronics Cooling Temp,Ele.Temp,221C43,(A-40),-20,100,C,7E4
Onboard LVolt Charg V,LV Charge V,224374,(S_A*256+B),-32000,32000,V,7E4
H2 Amp from VICM,H2 43 56,224356,(S_A*256+B)/20,-100,100,A,7E4
Bat Coolant Pump RPM,CoolPumpRpm,2241B2,(S_A*256+B),0,5000,RPM,7E4
Bat Coolant Valve,CoolValve,2241B4,(A),0,255,?,7E4
Bat heat,Bat Heat,2241B6,(S_A*256+B),0,5000,W,7E4
Charging Limit?,H2 41 B7,2241B7,(S_A*256+B),0,32000,W,7E4
H2 Volt from VICM?,H2 43 2D,22432D,(S_A*256+B)/2,0,400,V,7E4
M AC High Side Preassure,M15 64 B1,221564,A,0,255,kPa,7E4
Outside Temp Filtered,OAT Raw,22801E,((A-40)/8),-20,50,C,7E4
"",LV Charge Amps 43 7E,22437E,(S_A*256+B)/20,-100,100,A,7E4
*M Engine Torque m1,Engine Torque m1,163,((256*A)+B),0,2000,Nm,,
Barometric Pressure,BARO,2102,H/255*119,0,119,kPa,,
Coltage Coolant Temperature,VoltECT,2101,(A*256+B)/205,0,5,V,,
Coolant Temperature,ЕСТ,2102,A/255*192-49,-50,140,C,,
Correction of injection time,CorrInj,2102,(T*256+U)/250,0,65535,ms,,
Desired Idle,NeedIdleRPM,210d,M*256+N,500,1500,rpm,,
Desired Ignition timing,DesIT,2103,(G-64)/2.677,-30,72,deg,,
Evoparator Duty Cycle Blow,Evo,2102,X/255*100,0,100,%,,
Exhaust Gas Recirculation Flow,EGR,2102,Y/255*100,0,100,%,,
FL Wheel Speed,FLSpeed,210b,AA,0,255,km/h,,
Fuel level,FuelAvg,210b,X/4,0,60,L,,
Ignition timing Cyl1,IT1,2103,(192-A)/2.677,-30,72,deg,,
Ignition timing Cyl2,IT2,2103,(192-B)/2.677,-30,72,deg,,
Ignition timing Cyl3,IT3,2103,(192-C)/2.677,-30,72,deg,,
Ignition timing Cyl4,IT4,2103,(192-D)/2.677,-30,72,deg,,
Injection duration current,InjDur,2102,(P*256+Q)/250,0,0,ms,,
Injection duration on start,InjDurSt,2102,(N*256+O)/62.5,0,1050,ms,,
Instant Fuel Level,FuelCur,2102,Z/255*45,0,45,l,,
Instant Fuel Percent,Fuel%,2102,Z/255*100,0,100,%,,
Intake Air Temperature,IAT,2102,B/255*192-49,-50,140,C,,
Manifold Absolute Pressure,МАР,2102,J/255*119,0,119,kPa,,
Mass Airflow,MAF,2102,(L*256+M)/47,0,1400,mg/t,,
Real Throttle Position,RealTPS,2102,AC,0,255,steps,,
Signal Throtle Position,SignalTPS,2106,C/255*100,0,100,%,,
Throttle Position,TPS,2102,C/255*100,0,100,%,,
Time from the start engine,EngRunTime,2117,(I*256+J)/10,0,6553.5,sec,,
Voltage Air Conditioner Refrigerant Pressure,VoltACRP,2101,(AC*256+AD)/205,0,0,V,,
Voltage Fueal Gauge Sending Unit,VoltFGSU,2101,(AA*256+AB)/205,0,12,V,,
Voltage Fuel Level,VoltFuel,2102,Z/255*5,0,5,V,,
Voltage Idle Air Control,VoltIAC,2101,(E*256+F)/205,0,5,V,,
Voltage Intake Air Temperature,VoltIAT,2101,(C*256+D)/205,0,0,V,,
Voltage Knock Sensor,KnockSens,2101,(G*256+H)/205,0,0,V,,
Voltage O2 Sensor1,O2S1,2104,(C*256+B)*4.88,0,319810,mV,,
Voltage O2 Sensor2,O2S2,2104,(G*256+F)*4.88,0,319810,mV,,
Voltage,Volt,2102,D/8.88,0,16,V,,