﻿Name,Short name,ModeandPID,Equation,Min,Max,Units,Header,Intervl,Scale,Redline,Model,Init,Close,
Allison Trans Fluid Temp (5-Speed),TFT,221940,A*9/5-40,-30,300,F,7E2,,,,,
Engine Torque,TRQ,2219DE,((A*256+B)*10/2)/10,0,1000,Ft-Lbs,7E0,,,,,
Trans Fluid Temperature,TFT,221940,A*9/5-40,-30,300,F,7E0,,,,,
Remaining Oil Life,OilLife,22119F,(A*200/51)/10,0,100,%,7E0,,,,,
Air to Fuel Ratio,AFR,22119E,(A)/10,0,25,,7E0,,,,,
Barometer V8,BARO,22119D,(A*3)/10,0,100,inHg,7E0,,,,,
Barometer V6,BARO,221251,(A*3)/10,0,100,inHg,7E0,,,,,
Knock Retard,KR,2211A6,(A*45/50)/10,0,25,Deg,7E0,,,,,
Elapsed Time Since Engine Start,ET,2211A1,(A*256+B),0,65535,Sec,7E0,,1000,,,
