﻿Name,Short name,ModeandPID,Equation,Min,Max,Units,Header,Intervl,Scale,Redline,Model,Init,Close,
Transmission Temperature,TFT,221940,A*9/5-40,-30,300,F,6C18F1,,,,,
Oil Pressure,OIL,221470,A*29/50,0,150,PSI,6C10F1,,,,,
Desired Fuel Pressure,DFPress,22163D,(A*145/10)/100,0,30,kPsi,6C10F1,,,,,
Actual Fuel Pressure,AFPress,22163E,(A*145/10)/100,0,30,kPSI,6C10F1,,,,,
Desired Vane Position,VaneCmd,221540,A*100/255,0,100,%,6C10F1,,,,,
Actual Vane Position,VaneAct,221543,A*100/255,0,100,%,6C10F1,,,,,
Injector Pulse Width 1,IPW1,221193,((A*256+B)*200/131)/100,0,1000,ms,6C10F1,,,,,
Injector Pulse Width 2,IPW2,221194,((A*256+B)*200/131)/100,0,1000,ms,6C10F1,,,,,
Injector Pulse Width 3,IPW3,221195,((A*256+B)*200/131)/100,0,1000,ms,6C10F1,,,,,
Injector Pulse Width 4,IPW4,221196,((A*256+B)*200/131)/100,0,1000,ms,6C10F1,,,,,
Injector Pulse Width 5,IPW5,221197,((A*256+B)*200/131)/100,0,1000,ms,6C10F1,,,,,
Injector Pulse Width 6,IPW6,221198,((A*256+B)*200/131)/100,0,1000,ms,6C10F1,,,,,
Injector Pulse Width 7,IPW7,221199,((A*256+B)*200/131)/100,0,1000,ms,6C10F1,,,,,
Injector Pulse Width 8,IPW8,22119A,((A*256+B)*200/131)/100,0,1000,ms,6C10F1,,,,,
Balance Rate 1,BR1,22162F,((A*256+B)*5/32-5120)/10,0,512,mm3/str,6C10F1,,,,,
Balance Rate 2,BR2,221630,((A*256+B)*5/32-5120)/10,0,512,mm3/str,6C10F1,,,,,
Balance Rate 3,BR3,221631,((A*256+B)*5/32-5120)/10,0,512,mm3/str,6C10F1,,,,,
Balance Rate 4,BR4,221632,((A*256+B)*5/32-5120)/10,0,512,mm3/str,6C10F1,,,,,
Balance Rate 5,BR5,221633,((A*256+B)*5/32-5120)/10,0,512,mm3/str,6C10F1,,,,,
Balance Rate 6,BR6,221634,((A*256+B)*5/32-5120)/10,0,512,mm3/str,6C10F1,,,,,
Balance Rate 7,BR7,221635,((A*256+B)*5/32-5120)/10,0,512,mm3/str,6C10F1,,,,,
Balance Rate 8,BR8,221636,((A*256+B)*5/32-5120)/10,0,512,mm3/str,6C10F1,,,,,
