Name,ShortName,ModeAndPID,Equation,Min Value,Max Value,Units,Header,Interval,Scale,
Knock Retard,KR,2211A6,A*22.5/256,0,50,Deg,,0,
Knock Retard 2,KR,22125D,A*22.5/256,0,50,Deg,,0,
Knock Active Count,KC,22125E,A,0,10000,Count,,2,1000,
Cylinder 1 Injector Pluse Width,Cly1.IPW,221193,(A*256+B)/65.5,0,100,ms,,0,
Cylinder 2 Injector Pluse Width,Cly2.IPW,221194,(A*256+B)/65.5,0,100,ms,,0,
Cylinder 3 Injector Pluse Width,Cly3.IPW,221195,(A*256+B)/65.5,0,100,ms,,0,
Cylinder 4 Injector Pluse Width,Cly4.IPW,221196,(A*256+B)/65.5,0,100,ms,,0,
Cylinder 5 Injector Pluse Width,Cly5.IPW,221197,(A*256+B)/65.5,0,100,ms,,0,
Cylinder 6 Injector Pluse Width,Cly6.IPW,221198,(A*256+B)/65.5,0,100,ms,,0,
Cylinder 7 Injector Pluse Width,Cly7.IPW,221199,(A*256+B)/65.5,0,100,ms,,0,
Cylinder 8 Injector Pluse Width,Cly8.IPW,22119A,(A*256+B)/65.5,0,100,ms,,0,
Cylinder 1 Balance Rate,Cly1.BR,22162F,(((A*256+B)-32768)*0.15625)/10,-100,100,,,0,
Cylinder 2 Balance Rate,Cly2.BR,221630,(((A*256+B)-32768)*0.15625)/10,-100,100,,,0,
Cylinder 3 Balance Rate,Cly3.BR,221631,(((A*256+B)-32768)*0.15625)/10,-100,100,,,0,
Cylinder 4 Balance Rate,Cly4.BR,221632,(((A*256+B)-32768)*0.15625)/10,-100,100,,,0,
Cylinder 5 Balance Rate,Cly5.BR,221633,(((A*256+B)-32768)*0.15625)/10,-100,100,,,0,
Cylinder 6 Balance Rate,Cly6.BR,221634,(((A*256+B)-32768)*0.15625)/10,-100,100,,,0,
Cylinder 7 Balance Rate,Cly7.BR,221635,(((A*256+B)-32768)*0.15625)/10,-100,100,,,0,
Cylinder 8 Balance Rate,Cly8.BR,221636,(((A*256+B)-32768)*0.15625)/10,-100,100,,,0,
Ignition 1 Voltage,Ign.Volt,221141,A/10,0,20,V,,1,
H2OS Sensor,H2OS,221145,A*4.34,0,1000,mV,,0,100,
Commanded Idle Speed,Idle RPM,221192,A*12.5,0,10000,RPM,,3,1000,
Cylinder 1 Misfire History,C1.MF.Hist,221201,A*256+B,0,20000,Count,,3,1000,
Cylinder 2 Misfire History,C2.MF.Hist,221202,A*256+B,0,20000,Count,,3,1000,
Cylinder 3 Misfire History,C3.MF.Hist,221203,A*256+B,0,20000,Count,,3,1000,
Cylinder 4 Misfire History,C4.MF.Hist,221204,A*256+B,0,20000,Count,,3,1000,
Cylinder 5 Misfire History,C5.MF.Hist,2211F8,A*256+B,0,20000,Count,,3,1000,
Cylinder 6 Misfire History,C6.MF.Hist,2211F9,A*256+B,0,20000,Count,,3,1000,
Cylinder 7 Misfire History,C7.MF.Hist,2211FA,A*256+B,0,20000,Count,,3,1000,
Cylinder 8 Misfire History,C8.MF.Hist,2211FB,A*256+B,0,20000,Count,,3,1000,
Cylinder 1 Misfire Current,Cly1.MF,221205,A,0,255,Count,,1,
Cylinder 2 Misfire Current,Cly2.MF,221206,A,0,255,Count,,1,
Cylinder 3 Misfire Current,Cly3.MF,221207,A,0,255,Count,,1,
Cylinder 4 Misfire Current,Cly4.MF,221208,A,0,255,Count,,1,
Cylinder 5 Misfire Current,Cly5.MF,2211EA,A,0,255,Count,,1,
Cylinder 6 Misfire Current,Cly6.MF,2211EB,A,0,255,Count,,1,
Cylinder 7 Misfire Current,Cly7.MF,2211EC,A,0,255,Count,,1,
Cylinder 8 Misfire Current,Cly8.MF,2211ED,A,0,255,Count,,1,
Transmission Fluid Temperature 1,TFT,221940,A-40,0,200,C,,3,
Transmission Fluid Temperature 2,TFT,221940,A-40,0,200,C,7E1,3,
Transmission Fluid Temperature 3,TFT,221940,A-40,0,200,C,7E2,3,
Last Shift Time,Lst.Shft,221992,A/40,0,70,sec,,1,
1-2 Shift Time,1-2.Shft,221993,A/40,0,70,sec,,1,
2-3 Shift Time,2-3.Shft,221994,A/40,0,70,sec,,1,
3-4 Shift Time,3-4.Shft,221995,A/40,0,70,sec,,1,
1-2 Shift Error,Shft.Er12,221997,A/40,0,70,sec,,1,
2-3 Shift Error,Shft.Er23,221998,A/40,0,70,sec,,1,
3-4 Shift Error,Shft.Er34,221999,A/40,0,70,sec,,1,
Current Gear,Gear,22199A,A,0,10,,,1,
PC Solenoid Actual Current,PC.Sol,22199E,A*0.0195,0,50,Amp,,0,
PC Solenoid Reference Current,PC.Sol.Ref,22199F,A*0.0195,0,50,Amp,,0,
IAC Position,IAC.Pos,221172,A,0,255,,,1,
Commanded Air To Fuel Ratio,AFR(COM),22119E,A/10,0,30,,,2,
EGR Duty Cycle,EGR Duty,221171,A/2.55,0,100,%,,1,
EGR Voltage,EGR V,22114B,A/51,0,70,V,,1,
EVAP,EVAP,221170,A/2.55,0,100,%,,2,
Torque Converter Clutch Slip,TCC.Slip,221191,(S_A*256+B)/8,0,10000,RPM,,1,1000,
Aircon High side pressure,AC.Pres,221564,A*2.02,0,100,Psi,,1,
ABS Front Left Wheel Speed,ABS.FLW,224051,A,0,255,KPH,760,1,
ABS Front Right Wheel Speed,ABS.FRW,224052,A,0,255,KPH,760,1,
ABS Rear Left Wheel Speed,ABS.RLW,224053,A,0,255,KPH,760,1,
ABS Rear Right Wheel Speed,ABS.RRW,224054,A,0,255,KPH,760,1,
Engine Oil Pressure,Oil.Pres,221470,A*0.578,0,100,Psi,,0,
Engine Oil Temperature,Oil.Temp,221154,A-40,0,200,C,,3,
Fuel Tank Pressure,FTPres,22F432,(A*256+B)*0.00003,0,100,Psi,,1,
Intak air temperature 2,IAT2,221538,A-40,0,00,C,,3,
Outside air temperature,OutTemp,221161,A-40,0,200,C,,3,
