Name,ShortName,ModeAndPID,Equation,Min Value,Max Value,Units,Header,Interval,Scale,
"AC Hi Side Pressure -F","AC Pres","221144","A/51",0,5,"Volts",,
"AC Hi Side Pressure2 -F","AC Pres","221144","(A*1.83)-15",0,400, "PSI",
"Fuel Tank Pressure -F","FuelTnkPr","22114E","A/51",0,5,"Volts",
"HO2S1 Crossover Counts -F","HO2S1-X","2211AF","A",0,255,"Counts",
"HO2S2 Crossover Counts -F","HO2S2-X","2211B0","A",0,255,"Counts",
"EGR Closed Position Volts -F","EGR Cls","2211BB","A/51",0,5,"Volts",
"EGR Test Counts -F","EGR Test","2211BD","A",0,255,"Counts",
"EGR Position Error% -F","EGR Err%","2211C1","A/2.55",0,100,"%","Auto"
"HO2B1S1 Warm Up time -F","HO2B1S1-W","2211CA","A",0,255,"Secs",
"HO2B1S2 Warm Up time -F","HO2B1S2-W","2211CB","A",0,255,"Secs",
"HO2S3 Warm Up time -F","HO2S3-W","2211CC","A",0,255,"Secs",
"MAF Frequency Hz -F","MAF Freq","221250","(A*256)+B",0,31999,"Hz",
"Barometric Pressure -F","Baro Pres","221251","A",0,37,"kPa",
"Fuel Tank Level% -F","Fuel Lvl%","2212C5","A/2.55",0,100,"%",
"Engine Run Time -F","Run Time","2211A1","((A*256)+B)/60",0,999,"Mins",
"Desired Idle Speed -F","Idle Target","221192","((A*256)+B)/4",0,7000,"RPM",
