﻿Name,Short name,MIDPID,Equation,Min,Max,Unit,Header,Interval,Scale,
Coolant Temperature,Coolant,2101,(E*0.78)-55,-55.0,200.0,C,8211F1,3,1,
Intake Air Temperature,IAT,2101,(G*0.78)-55,-55.0,200.0,C,8211F1,3,1,
Throttle Position,Throttle,2101,H*0.6757,0.0,172.0,%,8211F1,0,1,
Engine Load,Load,2101,L*0.43,0.0,110.0,%,8211F1,0,1,
Fuel Injector Pulse Width,FIPW,2101,M*0.016667,0.0,5,ms,8211F1,0,1,
Mass air flow,MAF,2101,L*0.139,0.0,40.0,g/s,8211F1,0,1,
Vehicle Speed,Speed,2101,T*158/255,0.0,200,MPH,8211F1,0,1,
Engine speed,Engine,2101,V*255+U,0.0,10000.0,RPM,8211F1,0,1000,
Oxygen sensor voltage bank 1 sensor 1,O2_b1s1,2101,AV*0.00392,0.0,1.5,v,8211F1,0,1,
Oxygen sensorvoltage bank 1 sensor 2,O2_b1s2,2101,F*0.00392,0.0,1.5,v,8211F1,0,1,
