Name, ShortName, ModeAndPID, Equation, Min Value, Max Value, Units, Header, Interval
MX5_Accel Pedal Position (full range),APP,221340,A*0.3921568627,0,100,%,,0,
MX5_APP Sensor 1 Voltage,APP1_V,220914,((A*256)+B)*.001,0,5,V,,1,
MX5_APP Sensor 2 Voltage,APP2_V,220915,((A*256)+B)*.001,0,5,V,,1,
MX5_Barometer Sensor Voltage,BARO_V,2216B3,((A*256)+B)*.001,0,5,V,,3,
MX5_Cruise Control (Voltage),SCCS_V,22A216,((A*256)+B)*0.0000762951095,0,5,V,,2,
MX5_EGR Purge Steps,EGRP_STEPS,22098E,((A*256)+B),0,65535,Steps,,1,
MX5_Engine Coolant Temp Voltage,ECT_V,22114D,((A*256)+B)*.001,0,5,V,,2,
MX5_EVAP LDP Idle Current,LDP_IDL_current,2217F7,((A*256)+B)*0.00000056098486,0,0.349999994039536,A,,1,
MX5_EVAP LDP Incorrect Purge Flow Value,LDP_EVAPCP,2217FA,((A*256)+B)*0.00000056098486,0,0.349999994039536,A,,1,
MX5_EVAP LDP Monitoring Current,LDP_MON_current,2217F4,((A*256)+B)*0.00000056098486,0,0.349999994039536,A,,1,
MX5_EVAP LDP Reference Current,LDP_REF_current,2217F5,((A*256)+B)*0.00000056098486,0,0.349999994039536,A,,1,
MX5_EVAP LDP Small Leak Detect Value,LDP_SL_DV,2217F8,((A*256)+B)*0.00000056098486,0,0.349999994039536,A,,1,
MX5_EVAP LDP Very Small Leak Detect Value,LDP_VSL_DV,22176B,((A*256)+B)*0.0000053405761,0,0.349999994039536,mA/sec,,1,
MX5_EVAP LDP Very Small Leak Fail Value,LDP_VSL_FV,2217F0,((A*256)+B)*0.0000053405761,0,0.349999994039536,mA/sec,,1,
MX5_EVAP LDP Very Small Leak Safe Value,LDP_VSL_SV,22179A,((A*256)+B)*0.0000053405761,0,0.349999994039536,mA/sec,,1,
MX5_Fuel Injector Pulse Width,FUEL_PW,221410,((A*256)+B)*0.0079999994,0,20,ms,,0,
MX5_Generator Field Coil Duty,GEN_FC,2216E8,((A*256)+B)*0.003051757812,0,100,%,,0,
MX5_Generator Output Voltage,GEN_V,2216E9,((A*256)+B)*0.125,0,18,V,,1,
MX5_Generator Voltage Desired,GEN_DSD_V,22097c,((A*256)+B)*.00048828125,8,16,V,,1,
MX5_Idle Speed,IDLE,22096E,((A*256)+B)*.25,500,2000,RPM,,1,
MX5_Intake Air Temp Voltage,IAT_V,22114a,((A*256)+B)*.001,0,5,V,,2,
MX5_Knock Retard,KNOCKR,221746,A*0.3521126761,0,10,Degree,,0,
MX5_Manifold Absolute Pressure Voltage,MAP_V,220900,((A*256)+B)*.001,0,5,V,,0,
MX5_Mass Air Flow Voltage,MAF_V,221177,((A*256)+B),0,5,V,,0,
MX5_O2 Sensor Fuel Trim (rear),O2S12_FT,22163E,((A*256)+B)*0.012207031,-20,20,%,,0,
MX5_O2 Sensor Voltage (rear),O2S12_A_V,221174,((A*256)+B)*0.0009765625,0,5,V,,0,
MX5_Steering Wheel Angle,STEER,223201,(A*6.25)-800,-485,485,Degree,,0,
MX5_Throttle Position 1 Voltage,TP1_V,220917,((A*256)+B)*.001,0,5,V,,0,
MX5_Throttle Position 2 Voltage,TP2_V,220918,((A*256)+B)*.001,0,5,V,,0,
MX5_Throttle Position Actual,ETC_ACT,22093C,((A*256)+B)*0.001953125,0,90,Degree,,0,
MX5_Throttle Position Closed Voltage,TPCT,221169,((A*256)+B)*0.015625,0,5,V,,0,
MX5_Throttle Position Desired,ETC_DSD_DEG,22091A,((A*256)+B)*0.001953125,0,90,Degree,,0,
MX5_Tire Revolutions Per Mile,TIRESIZE,2216F0,((A*256)+B),700,1200,RPM,,0,
MX5_Valve Timing Actual,VT_ACT,2216CD,((A*256)+B)*0.0625,0,50,Degree,,0,
MX5_Valve Timing Error,VT_DIFF,2216CE,((A*256)+B)*0.0625,0,50,Degree,,0,
MX5_Valve Timing OCV Control Duty,VT_DUTY,2216CF,((A*256)+B)*0.003051757812,0,100,%,,1,
