﻿Name,Short name,ModeandPID,Equation,Min,Max,Units,Header,Intervl,Scale,Redline,Model,Init,Close,
Knock Retard,KR,221746,(A*7/2)/10,0,90,Deg,7E0,,,,,
Tire Size,TIR,2216F0,(A*256+B),0,65536,Rev/mile,7E0,,1000,,,
Actual Valve Timing,AVT,2216CD,(A*256+B)/10,0,6000,Deg,7E0,,,,,
Transmission Fluid Temperature,TFT,2211BD,(A*256+B)*9/5-40,-30,300,F,7E0,,,,,
Air to Fuel Ratio,AFR,22DA85,(A*23/20)/10,0,30,,7E0,,,,,
Ambient Air Tempetaure,AIR,22F446,A*9/5-40,-30,200,F,7E0,,,,,
Fan Speed Desired,FSD,2203B9,A*100/127,0,100,%,7E0,,,,,
Fuel Injection Ammount,FInj,22DA99,((A*256+B)*3)/100,0,2000,mg/cyl,7E0,,,,,
Fuel Level,Fuel,22F42F,A*100/255,0,100,%,7E0,,,,,
Fuel Injector Pulse Width,IJPW,22036C,((A*256+B)*2/25)/100,0,60,ms,7E0,,,,,
Fuel Rail Pressure,FRail,22F423,(A*256+B)*29/20,0,90000,Psi,7E0,,1000,,,
Intake Air Temperature 2,IAT2,2203CA,A*9/5-40,-30,200,F,7E0,,,,,
Spark Advance,Ign.adv,22116B,((A*256+B)*10/4)/10,0,300,Deg,7E0,,,,,
Variable Cam Timing Actual Advance,VCTA.adv,220318,((A*256+B)*6)/100,0,300,Deg,7E0,,,,,
Measured Passenger weight,Passenger,22596A,(A*256+B)*11/100,0,500,lbs,737,,,,,
Transmission Temperature,TFT,2217B3,A*42/25-57,-30,300,F,7E0,,,,,
Transmission Temperature 1,TFT,2217B3,A*42/25-57,-30,300,F,7E1,,,,,
Transmission Temperature 2,TFT,221E1C,(A*256+B)*9/5+32,-30,300,F,7E0,,,,,
Transmission Temperature 3,TFT,221E1C,(A*256+B)*9/5+32,-30,300,F,7E1,,,,,
Transmission Temperature 4,TFT,2211BD,(A*256+B)*9/5+32,-30,300,F,7E0,,,,,
Transmission Temperature 5,TFT,2211BD,(A*256+B)*9/5+32,-30,300,F,7E1,,,,
