﻿Name,Short name,ModeandPID,Equation,Min,Max,Units,Header,Intervl,Scale,Redline,Model,Init,Close,
Transmission Fluid Temperature,TFT,221674,(A*256+B)/8,0,300,F,C410F1,,,,,
Cylinder Head Temperature,Hd.Temp,221624,(A*256+B)*2,0,150,F,C410F1,,,,,
Barometric Pressure,BARO,221127,(A*10/8)/10,0,100,inHg,C410F1,,,,,
Converter Speed Ratio,TC.SLP,2211BA,((A*256+B)/164)/100,0,200,,C410F1,,,,,
EGR Duty Cycle,EGR,22113C,((A*256+B)*1000/32767)/10,0,100,%,C410F1,,,,,
Transmission Gear ratio,GrRatio,22163B,(A*200/127)/100,0,300,,C410F1,,,,,
Torque Converter Line Pressure,TCL.Pres,2211C0,(A*5)/10,0,1500,PSI,C410F1,,,,,
Transmission Output Shaft Speed,Trans.Out,2211B5,(A*256+B)/4,0,10000,RPM,C410F1,,1000,,,
Torque into torque coverter,TC.TQ,22163A,A*2,0,500,Ft-lbs,C410F1,,,,,
Fuel Level,Fuel,2216C1,((A*256+B)/328)/100,0,100,%,C410F1,,,,,
Fuel Pump Duty Cycle,FPump,221672,A*100/128,0,100,%,C410F1,,,,,
Fuel Pump Pulse Width (Bank 1),FPPW1,221141,(A*256+B)*2,0,130000,,C410F1,,1000,,,
Fuel Pump Pulse Width (Bank 2),FPPW2,221142,(A*256+B)*2,0,130000,,C410F1,,1000,,,
