﻿Name,Short name,ModeandPID,Equation,Min,Max,Units,Header,Intervl,Scale,Redline,Model,Init,Close,
IPR Duty Cycle,IPR,221434,(A*1000/255)/10,0,100,%,C410F1,,,,,
Manifold Air Temperature,MAT,2216E0,A*9/5-40,-50,200,F,C410F1,,,,,
Volume Fuel Desired,VFD,221411,((A*256+B)*100/16)/100,0,4000,mm3,C410F1,,,,,
Exhaust Back Pressure,EBP,221445,((A*256+B)*29/80)/10,0,2000,PSI,C410F1,,,,,
Mass Fuel Desired,Fuel.CMD,221412,((A*256+B)*100/16)/100,0,4000,mg/Strk,C410F1,,,,,
Fuel Pulse Width,FPW,221410,((A*256+B)*4/5)/100,0,500,ms,C410F1,,,,,
Injection Control Pressure,InjC.Pres,221446,(A*256+B)*71/125,0,10000,PSI,C410F1,,1000,,,
Transmission Fluid Temperature,TFT,221674,(A*256+B)/8,0,300,F,C410F1,,,,,
Engine Oil Temperature,EOT,221310,((A*256+B)*9/5-4000)/100,0,300,F,C410F1,,,,,
