﻿Name,Short name,ModeandPID,Equation,Min,Max,Units,Header,Intervl,Scale,Redline,Model,Init,Close,
Fuel Volume Control Valve Duty Cycle,Fuel.VCV,2203C2,A*100/255,0,100,%,7E0,,,,,
Fuel Presure Control Valve Duty Cycle,Fuel.PCV,2203C3,A*100/255,0,100,%,7E0,,,,,
Fan Speed Desired,FAN.CMD,2203B9,A*100/255,0,100,%,7E0,,,,,
Mass Airflow Sensor Frequency,Hz,22033D,(A*256+B)/4,0,15000,Hz,7E0,,1000,,,
Transmission Fluid Temperature,TFT,221E1C,(A*256+B)*9/80+32,0,300,F,7E1,,,,,
Engine Oil Temperature,EOT,22F45C,A*9/5-40,-40,300,F,7E0,,,,,
EGR Temperature,EGR,22F46B,C*9/5-40,-40,300,F,7E0,,,,,
Fuel Level,Fuel,22F42F,A*100/255,0,100,%,7E0,,,,,
Ambient Air Temperature,AIR,22F446,A*9/5-40,-40,300,F,7E0,,,,,
DPF Soot Mass,DPF.Soot,22042C,((A*256+B)*19/125)/100,0,100,gm/L,7E0,,,,,
Distance Since Last Complete DPF Regeneration,DIS,220434,(A*65536+B*256+C)*6/25,0,10000,Miles,7E0,,1000,,,
Distance Since Last Complete DPF Regeneration 2,DIS,22FD8A,(A*256+B)*31/500,0,10000,Miles,7E0,,1000,,,
