Name,ShortName,ModeAndPID,Equation,Min Value,Max Value,Units,Header
FICM Main Power,FMP,2209D0,((A*256)+B)*(100/256)/100,0,50,V,
FICM Logic Power,FLP,2209CF,((A*256)+B)*(100/256)/100,0,50,V,
FICM Vehicle Power,FVP,2209CE,((A*256)+B)*(100/256)/100,0,50,V,
Fan Speed Sensor,FAN,22099F,((A*256)+B)*0.25,0,1000,RPM,
Injection Control Pressure,HPOP,221446,((A*256)+B)*0.57,0,5000,Psi,
Fuel Pump Duty Cycle,FPDC,221672,A*100/128,0,100,%,
Torque into Torque Converter,TC TQ,2209CB,A*256+B,0,1000,LbFt,
Engine Oil Temp,Oil Temp,221310,(((A*256+B)/100)+40)*1.8+32,0,300,F,
VGT Duty Cycle,VGT,22096D,((A*256)+B)*(100/32767),0,100,%,
FUEL LEVEL,FUEL,2216C1,((A*256)+B)*(100/328),0,100,%,
CYL_1 Cumulative Misfires,MISFIRE1,22160E,A*256+B,0,5000,Count,
CYL_2 Cumulative Misfires,MISFIRE2,22160F,A*256+B,0,5000,Count,
CYL_3 Cumulative Misfires,MISFIRE3,221610,A*256+B,0,5000,Count,
CYL_4 Cumulative Misfires,MISFIRE4,221611,A*256+B,0,5000,Count,
CYL_5 Cumulative Misfires,MISFIRE5,221612,A*256+B,0,5000,Count,
CYL_6 Cumulative Misfires,MISFIRE6,221613,A*256+B,0,5000,Count,
CYL_7 Cumulative Misfires,MISFIRE7,221614,A*256+B,0,5000,Count,
CYL_8 Cumulative Misfires,MISFIRE8,221615,A*256+B,0,5000,Count,
Injection Pressure Regulator Duty Cycle,IPR DC,221434,(A*13.53)/35,0,100,%,
Injection Timing BTDC,Inj.Time,2209CC,(A*256+B)*(10/64))/10,-50,50,Deg,
