﻿Name,Short name,ModeandPID,Equation,Min,Max,Units,Header,Intervl,Scale,Redline,Model,Init,Close,
Transmission Fluid Temperature,TFT,221674,(A*256+B)/8,0,300,F,7E1,,,,,
Engine Oil Temperature,EOT,221310,((A*256+B)*9/5-4000)/100,0,300,F,7E0,,,,,
Injection Control Pressure,InjC.Pres,221446,(A*256+B)*57/100,0,30000,PSI,7E0,,1000,,,
ICP Voltage,ICV,2216AD,(A*100/51)/100,0,500,Volts,7E0,,,,,
FICM Main Power,FMP,2209D0,((A*256+B)*100/256)/100,0,500,Volts,7E0,,,,,
FICM Logic Power,FLP,2209CF,((A*256+B)*100/256)/100,0,500,Volts,7E0,,,,,
IPR Duty Cycle,IPR,221434,(A*250/64)/10,0,200,%,7E0,,,,,
Intake Air Temperature 1,IAT1,221123,(A*256+B),0,300,F,7E0,,,,,
VGT Duty Cycle,VGT,22096D,(A*256+B)*100/32767,0,100,%,7E0,,,,,
Intake Air Temperature 2,IAT2,2216A8,(A*256+B),0,300,F,7E0,,,,,
Manifold Air Temperature,MAT,2216E0,A*9/5-40,-40,300,F,7E0,,,,,
Fan Speed Sensor,Fan,22099F,(A*256+B)/4,0,20000,RPM,7E0,,1000,,,
Gear,Gear,2211B3,A/2,0,128,,7E1,,,,,
EGR Throttle Position Signal,EGR.thrtl,22096C,(A*256+B)*100/32767,0,100,%,7E0,,,,,
VREF,VREF,221155,((A*256+B)*100/13107)/100,0,500,Volts,7E0,,,,,
EGR Valve Position Desired,EGR.CMD,2209D2,(A*256+B)*100/32767,0,100,%,7E0,,,,,
Exhaust Back Pressure,EBP,221445,((A*256+B)*29/80)/10,0,2000,PSI,7E0,,,,,
EGR Valve Position Measured,EGR,2209FE,(A*256+B)*100/32767,0,100,%,7E0,,,,,
Volume Fuel Desired,VFD,221411,((A*256+B)*100/16)/100,0,50000,mm^3,7E0,,1000,,,
Mass Fuel Desired,MFD,221412,((A*256+B)*100/16)/100,0,50000,Mg/Strk,7E0,,1000,,,
Fuel Level,Fuel,2216C1,((A*256+B)/328)/100,0,100,%,7E0,,,,,
