Name,ShortName,ModeAndPID,Equation,Min,Max,Units,Header,Scale
Alternator 1 Monitor 6.7L,GEN MON,220378,((A*256)+B)*(100/32767),0,100,%,7E0,1,
Alternator 2 Monitor 6.7L,GEN2 MON,220455,((A*256)+B)*(100/32767),0,100,%,7E0,1,
Ambient Air Temperature C 6.7L,Air Temp C,22F446,A-40,0,100,C,7E0,1,
CYL 1 Fuel Balance Correction 6.7L,FBC 1,22098A,(((S_B*65536)+(C*256)+D)/128)/1000,0,100,MG,7E0,0,
CYL 2 Fuel Balance Correction 6.7L,FBC 2,22098B,(((S_B*65536)+(C*256)+D)/128)/1000,0,100,MG,7E0,0,
CYL 3 Fuel Balance Correction 6.7L,FBC 3,22098C,(((S_B*65536)+(C*256)+D)/128)/1000,0,100,MG,7E0,0,
CYL 4 Fuel Balance Correction 6.7L,FBC 4,22098D,(((S_B*65536)+(C*256)+D)/128)/1000,0,100,MG,7E0,0,
CYL 5 Fuel Balance Correction 6.7L,FBC 5,2211D3,(((S_B*65536)+(C*256)+D)/128)/1000,0,100,MG,7E0,0,
CYL 6 Fuel Balance Correction 6.7L,FBC 6,22048F,(((S_B*65536)+(C*256)+D)/128)/1000,0,100,MG,7E0,0,
CYL 7 Fuel Balance Correction 6.7L,FBC 7,2204A6,(((S_B*65536)+(C*256)+D)/128)/1000,0,100,MG,7E0,0,
CYL 8 Fuel Balance Correction 6.7L,FBC 8,2204A5,(((S_B*65536)+(C*256)+D)/128)/1000,0,100,MG,7E0,0,
CYL 1 Fuel Quantity 6.7L,CYL Q 1,2204AA,(((S_B*65536)+(C*256)+D)/128)/1000,0,100,MG,7E0,0,
CYL 2 Fuel Quantity 6.7L,CYL Q 2,2204AB,(((S_B*65536)+(C*256)+D)/128)/1000,0,100,MG,7E0,0,
CYL 3 Fuel Quantity 6.7L,CYL Q 3,2204AC,(((S_B*65536)+(C*256)+D)/128)/1000,0,100,MG,7E0,0,
CYL 4 Fuel Quantity 6.7L,CYL Q 4,2204AD,(((S_B*65536)+(C*256)+D)/128)/1000,0,100,MG,7E0,0,
CYL 5 Fuel Quantity 6.7L,CYL Q 5,2204AE,(((S_B*65536)+(C*256)+D)/128)/1000,0,100,MG,7E0,0,
CYL 6 Fuel Quantity 6.7L,CYL Q 6,2204AF,(((S_B*65536)+(C*256)+D)/128)/1000,0,100,MG,7E0,0,
CYL 7 Fuel Quantity 6.7L,CYL Q 7,2204B0,(((S_B*65536)+(C*256)+D)/128)/1000,0,100,MG,7E0,0,
CYL 8 Fuel Quantity 6.7L,CYL Q 8,2204B1,(((S_B*65536)+(C*256)+D)/128)/1000,0,100,MG,7E0,0,
DEF Level,DEF,220487, A/4,0,100,L,7E0,3,
Diesel Particulate Filter Pressure 6.7L,DPFP,22F47A,((D*256)+E)/100,0,100,KPA,7E0,1,
Distance Since Last Complete Regeneration 6.7L,DSLR (DIA) 6.7L,220434,((A*65536)+(B*256)+C)*0.24,0,100,Miles,7E0,4,
DPF Regen Avg Distance 6.7L, DSLRC AVG,22F48B,(F*256)+G,0,100,KM,7E0,4,
DPF Soot Level Percentage 6.7L,Soot %,22042C,((((A*256)+B)*(100/65535))-1)/1.75*100,0,100,%,7E0,3,
Engine Coolant Temperature ECT 2 6.7L,ECT 2,22F467,C-40,0,400,C,7E0,4,
Engine Oil Temperature Sensor 6.7L,EOT,22F45C,A-40,0,400,C,7E0,3,
Exhaust Gas Temperature Sensor Post DPF - EGT 14 6.7L,EGT14,22F478,(((H*256)+I)*0.18)-40.0,0,100,F,7E0,1,
Exhaust Gas Temperature Sensor Post SCR/Pre DPF -EGT 12 6.7L,EGT12,22F478,(((D*256)+E)*0.18)-40.0,0,100,F,7E0,1,
Exhaust Gas Temperature Sensor Post Turbo EGT11 6.7L,EGT11,22F478,(((B*256)+C)*0.18)-40.0,0,100,F,7E0,1,
Exhaust Gas Temperature Sensor Pre DPF - EGT 13 6.7L,EGT13,22F478,(((F*256)+G)*0.18)-40.0,0,100,F,7E0,1,
Exhaust Back Pressure 6.7L,EBP,22F473,((B*256)+C)/100,0,100,KPA,7E0,0,
Low Side Fuel Rail Pressure 6.7,FRPL,22064E,((A*256)+B)/2,0,100,KPA,7E0,0,
Fuel Rail Pressure 6.7,FRP,22F46D,((D*65536)+(E*256)+F)/2560,0,100,BAR,7E0,0,
Fuel Rail Pressure Control 6.7,FRPC,2203C3, A/2,0,100,%,7E0,0,
Transmission Gear Indicator 6.7L,Gear,221E12,A,0,100,,,1,
Glow Plug Commanded Status 6.7L,Glow Plug,220416, A-4,0,100,ON/OFF,7E0,1,
Intake Air Temperature 1 6.7L,IAT1,22F468,B-40,0,100,C,7E0,3,
Intake Air Temperature 2 6.7L,IAT2,22F477,B-40,0,100,C,7E0,3,
Distance Since Last Oil Change 6.7L,DSLOC,220542,((A*256)+B),0,100,KM,7E0,4,
Oil Life 6.7l,OIL %,22054B,A,0,100,%,7E0,4,
TPMS Drivers Front Pressure 6.7L,LF TIRE PRES,222813,((A*256)+B)/3+22/3,0,100,KPA,726,4,
TPMS Passenger Front Pressure 6.7L,RF TIRE PRES,222814,((A*256)+B)/3+22/3,0,100,KPA,726,4,  
TPMS Passenger Rear Pressure 6.7L,RR TIRE PRES,222815,((A*256)+B)/3+22/3,0,100,KPA,726,4,
TPMS Drivers Rear Pressure 6.7L,LR TIRE PRES,222816,((A*256)+B)/3+22/3,0,100,KPA,726,1,
Transmission Fluid Temperature Sensor 6.7L,TFT,221E1C,((S_A*256)+B)*(5/80),0,400,C,7E1,3,