﻿Name,Short name,ModeandPID,Equation,Min,Max,Units,Header,Intervl,Scale,Redline,Model,Init,Close,
Motor Coil Temp,Coil,224970,((A*256+B)*18+320)/10,0,100000,F,7E1,,1000,,,
Generator Coil Temp,GCO,224972,((A*256+B)*18+320)/10,0,100000,F,7E1,,1000,,,
Fuel Rail Pressure,FuelRail,22168C,((A*256+B)*10/128)/10,0,500,PSI,7E0,,,,,
Max Battery Module Temp Change,Batt.Max,224911,(C*18-400)/10,-500,500,F,745,,,,,
Avg Battery Module Temp,Batt.Avg,224911,(D*18-400)/10,-500,500,F,745,,,,,
Min Battery Module Temp,Batt.Min,224911,(B*18-400)/10,-500,500,F,745,,,,,
Max Battery Module Temp,Batt.Max,224911,(A*18-400)/10,-500,500,F,745,,,,,
Module Delta Voltage,MDV,22A911,(A*375/64)/100,0,15,Volts,745,,,,,
Fuel Rail Temperature,FuelRail,22168E,A*2,0,300,F,7E0,,,,,
Discharge Limit,DischrgMax,22A90F,(A*5)/10,0,150,Amps,745,,,,,
Charge Limit,ChargeMax,22A912,(A*5)/10,0,150,Amps,745,,,,,
Long Term Fuel Trim,LTFT,220007,(A*125/16-1000)/10,-50,50,%,7E0,,,,,
eCVT Temp,eCVT,221674,((A*256+B)*10/8)/10,0,8000,F,7E1,,1000,,,
Catalyst Temperature,CAT,22003C,(A*256+B)*9/50-40,-40,2500,F,7E0,,,,,
Motor Electronics Coolant Temp,MECT,224983,(A*18-400)/10,-40,300,F,7E1,,,,,
Traction Motor Speed,TrcnMtr,22496A,(A*256+B),0,60000,RPM,7E1,,1000,,,
Generator Motor Speed,GntrMtr,224973,(A*256+B),0,60000,RPM,7E1,,1000,,,
Traction Battery Temp,TrcnBatt,22A914,(A*18-400)/10,-40,300,F,745,,,,,
Traction Battery Voltage,TrcnBatt,22490B,(A*256+B)*125/4096,0,500,Volts,745,,,,,
Traction Battery Voltage 2,TrcnBatt,22490B,(A*256+B)*125/4096,0,500,Volts,7E1,,,,,
Traction Battery State-of-Charge,TrcnSOC,224923,((A*256+B)*125/8192)/10,0,200,%,745,,,,,
Cylinder Head Temperature,HdTemp,221624,(A*256+B)*2,0,300,F,7E0,,,,,
Barometric Pressure,BARO,221127,(A*10/8)/10,0,100,inHg,7E0,,,,,
