Name,ShortName,ModeAndPID,Equation,Min Value,Max Value,Units,Header
Learned Relative Octane Adjust,OCTN ADJ,2203E8,((256*A)+B)*(-0.0000610124)+3.999,-50,50,%,
Clutch A Slip,Clth A slp,221EBB,((S_A*256)+B)*0.25,-5000,5000,RPM,
Clutch B Slip,Clth B slp,221EBC,((S_A*256)+B)*0.25,-5000,5000,RPM,
Accelerator Pedal Position,Acc Pedal,22032B,A/2,0,100,%,
Fuel Level,Fuel,22F42F,A/256*100,0,100,%,
Fuel Pump Pressure Desired,Fuel Psi Cmd,2203DC,((256*A)+B)*10*0.145,0,100,Psi,
Throttle Position (Desired),TP D,22091A,((A*256)+B)*(100/8192),0,360,Deg,
Trans Axle Gear Ratio Measured,Gear ratio,221E16,((A*256)+B)/4096,0,200,:1,
Desired boost,D Boost,220466 ,((256*A)+B)/128*.145-14.7,0,30,Psi,
