﻿Name "ShortName" "ModeAndPID" "Equation" "Min Value" "Max Value" "Units" "Header"
Accelerator Pedal Position,PEDAL,22032b,A/2,0,100,%,,
Air Cond Compressor State,A/C,22099b,A,0,10,,, 
Battery Age,BATT AGE,224027,((A*256)+B),0,65536,Days,726,
Battery Charge,BATT%,224028,A,0,200,%,726,
Battery Current,BATT CUR,224090,(((A*256)+B)/16)-511.7,-600,600,Amp,726,
Battery Temperature,BATT Temp,224029,A-40,-40,200,C,726,
Fuel Level,FUEL LEVEL,22f42f,A/256*100,0,100,%,, 
Fuel Pump Pressure Desired,FUEL PSI CMD,2203dc,((256*A)+B)*10*0.145,0,65536,PSI, 
Gear Commanded by Output State,GEAR,221e12,A,0,20,,, 
In Car Temperature,INCARTEMP,22dd04,A/8,0,40,C,726,
Lateral G,LAT G,222b11,((S_A*256)+B)*0.02,-2,2,g,746,
Longitude G,LONG G,222b0c,((S_A*256)+B)*0.02,-2,2,g,746,
Steering Wheel Angle,STWHEEL,223302,(S_A*256+b)/10-780,-800,800,Deg,746,
Throttle Position (Desired),TP CMD,22091a,((A*256)+B)*(100/8192),0,180,Deg,,
Trans Axle Gear Ratio Measured,GEAR RATIO,221e16,((A*256)+B)/4096,0,300,:1,, 
Transmission Gear Engaged,GEAR ENGAGED,221e1f,A,0,20,Gear,, 
Transmission Gear Mode,GEAR MODE,221e23,A,0,20,Mode,, 
Engine Knock,Knock,2203ec,S_A/2,-20,20,Deg,,
