﻿Name,Short name,ModeandPID,Equation,Min,Max,Units,Header,Intervl,Scale,Redline,Model,Init,Close,
Transmission Fluid Temperature 1,TFT,221674,(A*256+B)/8,0,300,F,7E0,,,,,
Transmission Fluid Temperature 2,TFT,221674,(A*256+B)/8,0,300,F,7E1,,,,,
Transmission Fluid Temperature 3,TFT,221E1C,(A*256+B)*9/80+32,0,300,F,7E0,,,,,
Transmission Fluid Temperature 4,TFT,221E1C,(A*256+B)*9/80+32,0,300,F,7E1,,,,,
Fuel Level,Fuel,2216C1,((A*256+B)/328)/100,0,100,%,7E0,,,,,
Transmission Gear ratio,GrRatio.,22163B,(A*200/127)/100,0,200,,7E0,,,,,
Transmission Output Shaft Speed,Trans.Out,2211B5,(A*256+B)/4,0,10000,RPM,7E0,,1000,,,
Fuel Pump Duty Cycle,FPump,221672,A*100/128,0,100,%,7E0,,,,,
EGR Duty Cycle,EGR,22113C,((A*256+B)*1000/32767)/10,0,100,%,7E0,,,,,
Fuel Pump Pulse Width (Bank 1),FPPW1,221141,(A*256+B)*2,0,130000,,7E0,,1000,,,
Fuel Pump Pulse Width (Bank 2),FPPW2,221142,(A*256+B)*2,0,130000,,7E0,,1000,,,
Converter Speed Ratio,TC.SLP,2211BA,((A*256+B)/164)/100,0,200,,7E0,,,,,
Cylinder Head Temperature,Head.Temp,221624,(A*256+B)*2,0,150,F,7E0,,,,,
Torque into torque converter,TC.TQ,22163A,A*2,0,500,Ft-lbs,7E0,,,,,
Torque into torque converter 2,TC.TQ,22163A,A*2,0,500,Ft-lbs,7E1,,,,,
Barometric Pressure,BARO,221127,(A*10/8)/10,0,100,inHg,7E0,,,,,
Torque Converter Line Pressure,TCL.Press,2211C0,(A*5)/10,0,1500,PSI,7E0,,,,,
