Name,ShortName,ModeAndPID,Equation,Min Value,Max Value,Units,Header
Accelerator Pedal Position,Pedal,2209D4,A/2,0,100,%,,1,
Battery Voltage,Batt,221172,A/16,0,64,V,,1,
Cylinder Head Temperature,Cyl.Temp,221624,((A*256+B)*1.999)+32,0,500,F,,2,
DPF Regen Status,DPF Regen,220966,A/128,0,2,,,2,
DPF Soot Load,DPF Soot,22C974,((A*256+B)+8192)/1000,0,100,,,2,
DPF Soot Level,DPF Soot,22C974,((((A*256+B)+8192)/1000)-45)/(57-45)*100,0,100,%,,2,
Turbo Inlet Temperature,Turbo In,22115F,(((A*256+B)/10)-40)*(9/5)+32,0,2000,F,,1,
EGR Inlet Temperature,EGR In,221161,(((A*256+B)/10)-40)*(9/5)+32,0,600,F,,1,
EGR Valve Position,EGR Open,2209FE,((A*256)+B)*0.003052,0,100,%,,1,
EGT11 Post Turbo (pre DOC) Temperature,EGT11,220991,((A*256+B)*(9/5))-40,0,2000,F,,1,
EGT12 Post DOC (pre DPF) Temperature,EGT12,220992,((A*256+B)*(9/5))-40,0,2000,F,,1,
EGT13 Post DPF Temperature,EGT13,221171,((A*256+B)*(9/5))-40,0,2000,F,,1,
Engine Oil Temperature,Oil Temp,221310,(((A*256+B)/100)-40)*(9/5)+32,0,300,F,,2,
Exhaust (manifold) Back Pressure,Exhaust,221445,(((A*256)+B)*0.03625)-14.7,0,100,Psi,,1,
Transmission Fluid Temperature,ATF,221674,((A*256)+B)/8,0,300,F,7E1,2,
Turbo Boost Pressure,Boost,221440,(((A*256)+B)*0.03625)-14.7,0,40,Psi,,0,

