﻿Name,Short name,ModeandPID,Equation,Min,Max,Units,Header,Intervl,Scale,Redline,Model,Init,Close,
Exhaust Gas Temperature DOC Inlet,EGT1,2281F9,(A*256+B)*9/80+32,0,2000,F,7E0,,,,,
Exhaust Gas Temperature DOC Outlet,EGT2,228107,(A*256+B)*9/80+32,0,2000,F,7E0,,,,,
Exhaust Gas Temperature DPF Outlet,EGT3,22810D,(A*256+B)*9/80+32,0,2000,F,7E0,,,,,
Exhaust Gas Temperature SCR CAT Midbed,EGT4,22810F,D*9/5+32,0,2000,F,7E0,,,,,
Exhaust Gas Temperature SCR CAT Oulet,EGT5,228145,D*9/5+32,0,2000,F,7E0,,,,,
DPF Soot Load,STL,228120,(C*256+D),0,65536,g/L,7E0,,1000,,,
Fuel Rail Pressure,FPS,2281AE,(B*256+C)*29/1000,0,1000,kPsi,7E0,,,,,
Transmission Fluid Temperature,TFT,229110,A*4,0,300,F,7E0,,,,,
Transmission Sump Temperature,TFT.Sump,2281A3,(A*256+B)/71+32,0,300,F,7E0,,,,,
Transmission Torque Converter Temperature,TFT.TC,228189,(A*256+B)*297/8000-58,0,300,F,7E0,,,,,
Torque Converter Slip,TC.SLP,2291C0,(A*256+B),0,20000,RPM,7E0,,1000,,,
Boost Pressure,BPS,22811C,(A*256+B)/435,0,150,Psi,7E0,,,,,
EGR Temperature,EGR,22815D,(B*256+C)*22/5+32,0,2000,F,7E0,,,,,
Turbo Compressor Inlet Temperature,TCT,2281CD,A*36/5+32,0,2000,F,7E0,,,,,
AFT DPF Oulet Pressure Sensor,OPS,228142,((A*256+B)*9/20)/100,0,20000,Psi,7E0,,1000,,,
Fuel Level Average,Fuel.Avg,228126,A,0,200,%,7E0,,,,,
