﻿Name,Short name,ModeandPID,Equation,Min,Max,Units,Header,Intervl,Scale,Redline,Model,Init,Close,
Transmission Temperature,TFT,2208DF,A*9/5-40,-30,300,F,7E1,,,,,
Transmission Temperature,TFT,2142,D*9/5-58,-30,300,F,7E1,,,,,
Current Gear,GEAR,223C22,A,0,255,,7E1,,,,,
Intake Manifold Air Temperature,MAT,2270B8,(A*256+B)/28-40,-30,200,F,7E0,,,,,
Total Number of Started Regenerations,TNR,225089,(A*256+B),0,65536,,7E0,,1000,,,
VGT Actuator Commanded Position,VGT.Actr,22507B,A*39/50-100,0,100,%,7E0,,,,,
Distance since last Regeneration,Regen.dist,22D02A,(B*256+C)/16,0,5000,Miles,7E0,,,,,
Soot Mass Load,Soot.Ld,22508D,(A*256+B)/65,0,200,%,7E0,,,,,
